measure_name,metric_name,cause_name,location_name,age_name,sex_name,year,val,upper,lower
DALYs (Disability-Adjusted Life Years),Number,Osteoarthritis hip,Global,All ages,Both sexes,2021,"1,139,666.93","2,306,309.68","535,835.99"
DALYs (Disability-Adjusted Life Years),Number,Osteoarthritis hip,Latin America and Caribbean,All ages,Both sexes,2021,"72,840.08","146,436.24","34,119.49"
DALYs (Disability-Adjusted Life Years),Number,Osteoarthritis hip,North Africa and Middle East,All ages,Both sexes,2021,"45,379.77","92,345.57","21,309.75"
DALYs (Disability-Adjusted Life Years),Number,Osteoarthritis hip,South Asia,All ages,Both sexes,2021,"145,919.22","291,857.41","67,555.19"
DALYs (Disability-Adjusted Life Years),Number,Osteoarthritis hip,High-middle SDI,All ages,Both sexes,2021,"256,494.81","521,341.72","120,250.35"
DALYs (Disability-Adjusted Life Years),Number,Osteoarthritis hip,Middle SDI,All ages,Both sexes,2021,"262,108.00","524,276.75","120,849.26"
DALYs (Disability-Adjusted Life Years),Number,Osteoarthritis hip,"Central Europe, Eastern Europe, and Central Asia",All ages,Both sexes,2021,"104,369.07","213,711.16","49,349.54"
DALYs (Disability-Adjusted Life Years),Number,Osteoarthritis hip,Sub-Saharan Africa,All ages,Both sexes,2021,"59,520.90","119,451.22","27,775.31"
DALYs (Disability-Adjusted Life Years),Number,Osteoarthritis hip,High SDI,All ages,Both sexes,2021,"424,151.54","867,088.38","200,137.05"
DALYs (Disability-Adjusted Life Years),Number,Osteoarthritis hip,Low SDI,All ages,Both sexes,2021,"52,499.96","105,555.32","24,344.17"
DALYs (Disability-Adjusted Life Years),Number,Osteoarthritis hip,High-income,All ages,Both sexes,2021,"469,548.05","959,770.74","222,277.02"
DALYs (Disability-Adjusted Life Years),Number,Osteoarthritis hip,"Southeast Asia, East Asia, and Oceania",All ages,Both sexes,2021,"242,089.84","484,639.66","111,159.37"
DALYs (Disability-Adjusted Life Years),Number,Osteoarthritis hip,Low-middle SDI,All ages,Both sexes,2021,"143,331.21","287,018.33","66,516.74"
,,,,,,,,,
