﻿measure_name,metric_name,rei_name,cause_name,location_name,age_name,sex_name,year,val,upper,lower,
DALYs (Disability-Adjusted Life Years),Number,High body-mass index,Osteoarthritis hip,Global,All ages,Males,2021 ,184256.63 ,498140.42 ,-17798.89 ,
DALYs (Disability-Adjusted Life Years),Number,High body-mass index,Osteoarthritis hip,Global,All ages,Females,2021 ,219141.96 ,577008.10 ,-20873.10 ,
DALYs (Disability-Adjusted Life Years),Number,High body-mass index,Osteoarthritis hip,Global,All ages,Both sexes,2021 ,403398.60 ,1076491.22 ,-38678.96 ,
DALYs (Disability-Adjusted Life Years),Percent,High body-mass index,Osteoarthritis hip,Global,All ages,Males,2021 ,34.05 ,62.84 ,-3.53 ,
DALYs (Disability-Adjusted Life Years),Percent,High body-mass index,Osteoarthritis hip,Global,All ages,Females,2021 ,36.98 ,66.83 ,-3.87 ,
DALYs (Disability-Adjusted Life Years),Percent,High body-mass index,Osteoarthritis hip,Global,All ages,Both sexes,2021 ,35.59 ,64.94 ,-3.71 ,
DALYs (Disability-Adjusted Life Years),Rate,High body-mass index,Osteoarthritis hip,Global,All ages,Males,2021 ,4.65 ,12.58 ,-0.45 ,
DALYs (Disability-Adjusted Life Years),Rate,High body-mass index,Osteoarthritis hip,Global,All ages,Females,2021 ,5.57 ,14.67 ,-0.53 ,
DALYs (Disability-Adjusted Life Years),Rate,High body-mass index,Osteoarthritis hip,Global,All ages,Both sexes,2021 ,5.11 ,13.64 ,-0.49 ,
DALYs (Disability-Adjusted Life Years),Percent,High body-mass index,Osteoarthritis hip,Global,Age-standardized,Males,2021 ,33.89 ,62.59 ,-3.50 ,
DALYs (Disability-Adjusted Life Years),Percent,High body-mass index,Osteoarthritis hip,Global,Age-standardized,Females,2021 ,36.94 ,66.78 ,-3.86 ,
DALYs (Disability-Adjusted Life Years),Percent,High body-mass index,Osteoarthritis hip,Global,Age-standardized,Both sexes,2021 ,35.50 ,64.82 ,-3.69 ,
DALYs (Disability-Adjusted Life Years),Rate,High body-mass index,Osteoarthritis hip,Global,Age-standardized,Males,2021 ,4.51 ,12.15 ,-0.43 ,
DALYs (Disability-Adjusted Life Years),Rate,High body-mass index,Osteoarthritis hip,Global,Age-standardized,Females,2021 ,4.78 ,12.64 ,-0.46 ,
DALYs (Disability-Adjusted Life Years),Rate,High body-mass index,Osteoarthritis hip,Global,Age-standardized,Both sexes,2021 ,4.66 ,12.42 ,-0.45 ,
DALYs (Disability-Adjusted Life Years),Number,High body-mass index,Osteoarthritis hip,"Central Europe, Eastern Europe, and Central Asia",All ages,Males,2021 ,19734.95 ,51755.94 ,-1860.61 ,
DALYs (Disability-Adjusted Life Years),Number,High body-mass index,Osteoarthritis hip,"Central Europe, Eastern Europe, and Central Asia",All ages,Females,2021 ,24640.87 ,65529.72 ,-2428.35 ,
DALYs (Disability-Adjusted Life Years),Number,High body-mass index,Osteoarthritis hip,"Central Europe, Eastern Europe, and Central Asia",All ages,Both sexes,2021 ,44375.82 ,117285.66 ,-4292.36 ,
DALYs (Disability-Adjusted Life Years),Percent,High body-mass index,Osteoarthritis hip,"Central Europe, Eastern Europe, and Central Asia",All ages,Males,2021 ,40.34 ,72.86 ,-4.31 ,
DALYs (Disability-Adjusted Life Years),Percent,High body-mass index,Osteoarthritis hip,"Central Europe, Eastern Europe, and Central Asia",All ages,Females,2021 ,44.76 ,77.66 ,-5.09 ,
DALYs (Disability-Adjusted Life Years),Percent,High body-mass index,Osteoarthritis hip,"Central Europe, Eastern Europe, and Central Asia",All ages,Both sexes,2021 ,42.68 ,75.38 ,-4.72 ,
DALYs (Disability-Adjusted Life Years),Rate,High body-mass index,Osteoarthritis hip,"Central Europe, Eastern Europe, and Central Asia",All ages,Males,2021 ,9.87 ,25.89 ,-0.93 ,
DALYs (Disability-Adjusted Life Years),Rate,High body-mass index,Osteoarthritis hip,"Central Europe, Eastern Europe, and Central Asia",All ages,Females,2021 ,11.31 ,30.07 ,-1.11 ,
DALYs (Disability-Adjusted Life Years),Rate,High body-mass index,Osteoarthritis hip,"Central Europe, Eastern Europe, and Central Asia",All ages,Both sexes,2021 ,10.62 ,28.07 ,-1.03 ,
DALYs (Disability-Adjusted Life Years),Percent,High body-mass index,Osteoarthritis hip,"Central Europe, Eastern Europe, and Central Asia",Age-standardized,Males,2021 ,40.11 ,72.54 ,-4.28 ,
DALYs (Disability-Adjusted Life Years),Percent,High body-mass index,Osteoarthritis hip,"Central Europe, Eastern Europe, and Central Asia",Age-standardized,Females,2021 ,44.74 ,77.55 ,-5.08 ,
DALYs (Disability-Adjusted Life Years),Percent,High body-mass index,Osteoarthritis hip,"Central Europe, Eastern Europe, and Central Asia",Age-standardized,Both sexes,2021 ,42.56 ,75.22 ,-4.70 ,
DALYs (Disability-Adjusted Life Years),Rate,High body-mass index,Osteoarthritis hip,"Central Europe, Eastern Europe, and Central Asia",Age-standardized,Males,2021 ,7.65 ,20.21 ,-0.72 ,
DALYs (Disability-Adjusted Life Years),Rate,High body-mass index,Osteoarthritis hip,"Central Europe, Eastern Europe, and Central Asia",Age-standardized,Females,2021 ,6.47 ,17.17 ,-0.64 ,
DALYs (Disability-Adjusted Life Years),Rate,High body-mass index,Osteoarthritis hip,"Central Europe, Eastern Europe, and Central Asia",Age-standardized,Both sexes,2021 ,6.95 ,18.45 ,-0.67 ,
DALYs (Disability-Adjusted Life Years),Number,High body-mass index,Osteoarthritis hip,"Southeast Asia, East Asia, and Oceania",All ages,Males,2021 ,34197.09 ,96073.09 ,-2796.34 ,
DALYs (Disability-Adjusted Life Years),Number,High body-mass index,Osteoarthritis hip,"Southeast Asia, East Asia, and Oceania",All ages,Females,2021 ,34826.35 ,97434.84 ,-2853.07 ,
DALYs (Disability-Adjusted Life Years),Number,High body-mass index,Osteoarthritis hip,"Southeast Asia, East Asia, and Oceania",All ages,Both sexes,2021 ,69023.44 ,194160.79 ,-5649.41 ,
DALYs (Disability-Adjusted Life Years),Percent,High body-mass index,Osteoarthritis hip,"Southeast Asia, East Asia, and Oceania",All ages,Males,2021 ,26.43 ,51.23 ,-2.38 ,
DALYs (Disability-Adjusted Life Years),Percent,High body-mass index,Osteoarthritis hip,"Southeast Asia, East Asia, and Oceania",All ages,Females,2021 ,31.29 ,59.46 ,-2.91 ,
DALYs (Disability-Adjusted Life Years),Percent,High body-mass index,Osteoarthritis hip,"Southeast Asia, East Asia, and Oceania",All ages,Both sexes,2021 ,28.68 ,55.17 ,-2.63 ,
DALYs (Disability-Adjusted Life Years),Rate,High body-mass index,Osteoarthritis hip,"Southeast Asia, East Asia, and Oceania",All ages,Males,2021 ,3.08 ,8.66 ,-0.25 ,
DALYs (Disability-Adjusted Life Years),Rate,High body-mass index,Osteoarthritis hip,"Southeast Asia, East Asia, and Oceania",All ages,Females,2021 ,3.24 ,9.06 ,-0.27 ,
DALYs (Disability-Adjusted Life Years),Rate,High body-mass index,Osteoarthritis hip,"Southeast Asia, East Asia, and Oceania",All ages,Both sexes,2021 ,3.16 ,8.89 ,-0.26 ,
DALYs (Disability-Adjusted Life Years),Percent,High body-mass index,Osteoarthritis hip,"Southeast Asia, East Asia, and Oceania",Age-standardized,Males,2021 ,26.01 ,50.32 ,-2.34 ,
DALYs (Disability-Adjusted Life Years),Percent,High body-mass index,Osteoarthritis hip,"Southeast Asia, East Asia, and Oceania",Age-standardized,Females,2021 ,31.00 ,58.96 ,-2.87 ,
DALYs (Disability-Adjusted Life Years),Percent,High body-mass index,Osteoarthritis hip,"Southeast Asia, East Asia, and Oceania",Age-standardized,Both sexes,2021 ,28.36 ,54.57 ,-2.59 ,
DALYs (Disability-Adjusted Life Years),Rate,High body-mass index,Osteoarthritis hip,"Southeast Asia, East Asia, and Oceania",Age-standardized,Males,2021 ,2.45 ,6.87 ,-0.20 ,
DALYs (Disability-Adjusted Life Years),Rate,High body-mass index,Osteoarthritis hip,"Southeast Asia, East Asia, and Oceania",Age-standardized,Females,2021 ,2.32 ,6.49 ,-0.19 ,
DALYs (Disability-Adjusted Life Years),Rate,High body-mass index,Osteoarthritis hip,"Southeast Asia, East Asia, and Oceania",Age-standardized,Both sexes,2021 ,2.38 ,6.70 ,-0.19 ,
DALYs (Disability-Adjusted Life Years),Number,High body-mass index,Osteoarthritis hip,Latin America and Caribbean,All ages,Males,2021 ,15155.75 ,40760.79 ,-1500.57 ,
DALYs (Disability-Adjusted Life Years),Number,High body-mass index,Osteoarthritis hip,Latin America and Caribbean,All ages,Females,2021 ,14949.80 ,40125.58 ,-1498.53 ,
DALYs (Disability-Adjusted Life Years),Number,High body-mass index,Osteoarthritis hip,Latin America and Caribbean,All ages,Both sexes,2021 ,30105.55 ,80994.53 ,-3021.93 ,
DALYs (Disability-Adjusted Life Years),Percent,High body-mass index,Osteoarthritis hip,Latin America and Caribbean,All ages,Males,2021 ,40.35 ,72.81 ,-4.30 ,
DALYs (Disability-Adjusted Life Years),Percent,High body-mass index,Osteoarthritis hip,Latin America and Caribbean,All ages,Females,2021 ,42.82 ,75.81 ,-4.65 ,
DALYs (Disability-Adjusted Life Years),Percent,High body-mass index,Osteoarthritis hip,Latin America and Caribbean,All ages,Both sexes,2021 ,41.54 ,74.31 ,-4.46 ,
DALYs (Disability-Adjusted Life Years),Rate,High body-mass index,Osteoarthritis hip,Latin America and Caribbean,All ages,Males,2021 ,5.21 ,14.00 ,-0.52 ,
DALYs (Disability-Adjusted Life Years),Rate,High body-mass index,Osteoarthritis hip,Latin America and Caribbean,All ages,Females,2021 ,4.93 ,13.24 ,-0.49 ,
DALYs (Disability-Adjusted Life Years),Rate,High body-mass index,Osteoarthritis hip,Latin America and Caribbean,All ages,Both sexes,2021 ,5.07 ,13.63 ,-0.51 ,
DALYs (Disability-Adjusted Life Years),Percent,High body-mass index,Osteoarthritis hip,Latin America and Caribbean,Age-standardized,Males,2021 ,40.07 ,72.44 ,-4.25 ,
DALYs (Disability-Adjusted Life Years),Percent,High body-mass index,Osteoarthritis hip,Latin America and Caribbean,Age-standardized,Females,2021 ,42.76 ,75.76 ,-4.63 ,
DALYs (Disability-Adjusted Life Years),Percent,High body-mass index,Osteoarthritis hip,Latin America and Caribbean,Age-standardized,Both sexes,2021 ,41.39 ,74.15 ,-4.44 ,
DALYs (Disability-Adjusted Life Years),Rate,High body-mass index,Osteoarthritis hip,Latin America and Caribbean,Age-standardized,Males,2021 ,5.22 ,13.94 ,-0.51 ,
DALYs (Disability-Adjusted Life Years),Rate,High body-mass index,Osteoarthritis hip,Latin America and Caribbean,Age-standardized,Females,2021 ,4.41 ,11.84 ,-0.44 ,
DALYs (Disability-Adjusted Life Years),Rate,High body-mass index,Osteoarthritis hip,Latin America and Caribbean,Age-standardized,Both sexes,2021 ,4.79 ,12.83 ,-0.48 ,
DALYs (Disability-Adjusted Life Years),Number,High body-mass index,Osteoarthritis hip,High-income,All ages,Males,2021 ,84537.19 ,220526.75 ,-8809.04 ,
DALYs (Disability-Adjusted Life Years),Number,High body-mass index,Osteoarthritis hip,High-income,All ages,Females,2021 ,104935.07 ,271457.32 ,-10557.42 ,
DALYs (Disability-Adjusted Life Years),Number,High body-mass index,Osteoarthritis hip,High-income,All ages,Both sexes,2021 ,189472.25 ,484011.61 ,-19366.45 ,
DALYs (Disability-Adjusted Life Years),Percent,High body-mass index,Osteoarthritis hip,High-income,All ages,Males,2021 ,40.16 ,71.63 ,-4.39 ,
DALYs (Disability-Adjusted Life Years),Percent,High body-mass index,Osteoarthritis hip,High-income,All ages,Females,2021 ,40.83 ,72.32 ,-4.38 ,
DALYs (Disability-Adjusted Life Years),Percent,High body-mass index,Osteoarthritis hip,High-income,All ages,Both sexes,2021 ,40.53 ,72.08 ,-4.38 ,
DALYs (Disability-Adjusted Life Years),Rate,High body-mass index,Osteoarthritis hip,High-income,All ages,Males,2021 ,15.76 ,41.10 ,-1.64 ,
DALYs (Disability-Adjusted Life Years),Rate,High body-mass index,Osteoarthritis hip,High-income,All ages,Females,2021 ,18.90 ,48.90 ,-1.90 ,
DALYs (Disability-Adjusted Life Years),Rate,High body-mass index,Osteoarthritis hip,High-income,All ages,Both sexes,2021 ,17.36 ,44.34 ,-1.77 ,
DALYs (Disability-Adjusted Life Years),Percent,High body-mass index,Osteoarthritis hip,High-income,Age-standardized,Males,2021 ,40.42 ,71.93 ,-4.43 ,
DALYs (Disability-Adjusted Life Years),Percent,High body-mass index,Osteoarthritis hip,High-income,Age-standardized,Females,2021 ,41.20 ,72.76 ,-4.45 ,
DALYs (Disability-Adjusted Life Years),Percent,High body-mass index,Osteoarthritis hip,High-income,Age-standardized,Both sexes,2021 ,40.86 ,72.47 ,-4.44 ,
DALYs (Disability-Adjusted Life Years),Rate,High body-mass index,Osteoarthritis hip,High-income,Age-standardized,Males,2021 ,9.35 ,24.66 ,-0.98 ,
DALYs (Disability-Adjusted Life Years),Rate,High body-mass index,Osteoarthritis hip,High-income,Age-standardized,Females,2021 ,9.77 ,25.08 ,-0.99 ,
DALYs (Disability-Adjusted Life Years),Rate,High body-mass index,Osteoarthritis hip,High-income,Age-standardized,Both sexes,2021 ,9.59 ,24.98 ,-0.99 ,
DALYs (Disability-Adjusted Life Years),Number,High body-mass index,Osteoarthritis hip,North Africa and Middle East,All ages,Males,2021 ,10823.97 ,28676.70 ,-1154.20 ,
DALYs (Disability-Adjusted Life Years),Number,High body-mass index,Osteoarthritis hip,North Africa and Middle East,All ages,Females,2021 ,9745.31 ,25257.75 ,-1101.68 ,
DALYs (Disability-Adjusted Life Years),Number,High body-mass index,Osteoarthritis hip,North Africa and Middle East,All ages,Both sexes,2021 ,20569.28 ,53566.85 ,-2255.89 ,
DALYs (Disability-Adjusted Life Years),Percent,High body-mass index,Osteoarthritis hip,North Africa and Middle East,All ages,Males,2021 ,43.48 ,75.86 ,-4.81 ,
DALYs (Disability-Adjusted Life Years),Percent,High body-mass index,Osteoarthritis hip,North Africa and Middle East,All ages,Females,2021 ,48.32 ,80.43 ,-5.87 ,
DALYs (Disability-Adjusted Life Years),Percent,High body-mass index,Osteoarthritis hip,North Africa and Middle East,All ages,Both sexes,2021 ,45.65 ,77.90 ,-5.28 ,
DALYs (Disability-Adjusted Life Years),Rate,High body-mass index,Osteoarthritis hip,North Africa and Middle East,All ages,Males,2021 ,3.35 ,8.87 ,-0.36 ,
DALYs (Disability-Adjusted Life Years),Rate,High body-mass index,Osteoarthritis hip,North Africa and Middle East,All ages,Females,2021 ,3.25 ,8.43 ,-0.37 ,
DALYs (Disability-Adjusted Life Years),Rate,High body-mass index,Osteoarthritis hip,North Africa and Middle East,All ages,Both sexes,2021 ,3.30 ,8.60 ,-0.36 ,
DALYs (Disability-Adjusted Life Years),Percent,High body-mass index,Osteoarthritis hip,North Africa and Middle East,Age-standardized,Males,2021 ,42.81 ,75.28 ,-4.68 ,
DALYs (Disability-Adjusted Life Years),Percent,High body-mass index,Osteoarthritis hip,North Africa and Middle East,Age-standardized,Females,2021 ,47.83 ,79.95 ,-5.74 ,
DALYs (Disability-Adjusted Life Years),Percent,High body-mass index,Osteoarthritis hip,North Africa and Middle East,Age-standardized,Both sexes,2021 ,45.10 ,77.40 ,-5.16 ,
DALYs (Disability-Adjusted Life Years),Rate,High body-mass index,Osteoarthritis hip,North Africa and Middle East,Age-standardized,Males,2021 ,4.27 ,11.36 ,-0.45 ,
DALYs (Disability-Adjusted Life Years),Rate,High body-mass index,Osteoarthritis hip,North Africa and Middle East,Age-standardized,Females,2021 ,4.10 ,10.54 ,-0.46 ,
DALYs (Disability-Adjusted Life Years),Rate,High body-mass index,Osteoarthritis hip,North Africa and Middle East,Age-standardized,Both sexes,2021 ,4.19 ,11.00 ,-0.45 ,
DALYs (Disability-Adjusted Life Years),Number,High body-mass index,Osteoarthritis hip,South Asia,All ages,Males,2021 ,11149.80 ,31217.66 ,-779.55 ,
DALYs (Disability-Adjusted Life Years),Number,High body-mass index,Osteoarthritis hip,South Asia,All ages,Females,2021 ,20888.69 ,57709.41 ,-1584.54 ,
DALYs (Disability-Adjusted Life Years),Number,High body-mass index,Osteoarthritis hip,South Asia,All ages,Both sexes,2021 ,32038.49 ,87846.84 ,-2364.09 ,
DALYs (Disability-Adjusted Life Years),Percent,High body-mass index,Osteoarthritis hip,South Asia,All ages,Males,2021 ,19.13 ,39.48 ,-1.57 ,
DALYs (Disability-Adjusted Life Years),Percent,High body-mass index,Osteoarthritis hip,South Asia,All ages,Females,2021 ,24.17 ,48.29 ,-2.15 ,
DALYs (Disability-Adjusted Life Years),Percent,High body-mass index,Osteoarthritis hip,South Asia,All ages,Both sexes,2021 ,22.14 ,44.75 ,-1.92 ,
DALYs (Disability-Adjusted Life Years),Rate,High body-mass index,Osteoarthritis hip,South Asia,All ages,Males,2021 ,1.18 ,3.32 ,-0.08 ,
DALYs (Disability-Adjusted Life Years),Rate,High body-mass index,Osteoarthritis hip,South Asia,All ages,Females,2021 ,2.31 ,6.37 ,-0.17 ,
DALYs (Disability-Adjusted Life Years),Rate,High body-mass index,Osteoarthritis hip,South Asia,All ages,Both sexes,2021 ,1.74 ,4.76 ,-0.13 ,
DALYs (Disability-Adjusted Life Years),Percent,High body-mass index,Osteoarthritis hip,South Asia,Age-standardized,Males,2021 ,18.61 ,38.45 ,-1.52 ,
DALYs (Disability-Adjusted Life Years),Percent,High body-mass index,Osteoarthritis hip,South Asia,Age-standardized,Females,2021 ,23.72,47.76,-2.1,
DALYs (Disability-Adjusted Life Years),Percent,High body-mass index,Osteoarthritis hip,South Asia,Age-standardized,Both sexes,2021 ,21.63,44.04,-1.87,
DALYs (Disability-Adjusted Life Years),Rate,High body-mass index,Osteoarthritis hip,South Asia,Age-standardized,Males,2021 ,1.43,4.02,-0.1,
DALYs (Disability-Adjusted Life Years),Rate,High body-mass index,Osteoarthritis hip,South Asia,Age-standardized,Females,2021 ,2.61,7.25,-0.2,
DALYs (Disability-Adjusted Life Years),Rate,High body-mass index,Osteoarthritis hip,South Asia,Age-standardized,Both sexes,2021 ,2.03,5.6,-0.15,
DALYs (Disability-Adjusted Life Years),Number,High body-mass index,Osteoarthritis hip,High-middle SDI,All ages,Males,2021 ,44912.6,119888.87,-4299.38,
DALYs (Disability-Adjusted Life Years),Number,High body-mass index,Osteoarthritis hip,High-middle SDI,All ages,Females,2021 ,53400.98,140338.37,-5174.15,
DALYs (Disability-Adjusted Life Years),Number,High body-mass index,Osteoarthritis hip,High-middle SDI,All ages,Both sexes,2021 ,98313.59,259106.7,-9508.25,
DALYs (Disability-Adjusted Life Years),Percent,High body-mass index,Osteoarthritis hip,High-middle SDI,All ages,Males,2021 ,36.29,66.9,-3.75,
DALYs (Disability-Adjusted Life Years),Percent,High body-mass index,Osteoarthritis hip,High-middle SDI,All ages,Females,2021 ,40.61,72.44,-4.38,
DALYs (Disability-Adjusted Life Years),Percent,High body-mass index,Osteoarthritis hip,High-middle SDI,All ages,Both sexes,2021 ,38.52,69.83,-4.08,
DALYs (Disability-Adjusted Life Years),Rate,High body-mass index,Osteoarthritis hip,High-middle SDI,All ages,Males,2021 ,6.88,18.37,-0.66,
DALYs (Disability-Adjusted Life Years),Rate,High body-mass index,Osteoarthritis hip,High-middle SDI,All ages,Females,2021 ,8.2,21.54,-0.79,
DALYs (Disability-Adjusted Life Years),Rate,High body-mass index,Osteoarthritis hip,High-middle SDI,All ages,Both sexes,2021 ,7.54,19.87,-0.73,
DALYs (Disability-Adjusted Life Years),Percent,High body-mass index,Osteoarthritis hip,High-middle SDI,Age-standardized,Males,2021 ,36.15,66.72,-3.73,
DALYs (Disability-Adjusted Life Years),Percent,High body-mass index,Osteoarthritis hip,High-middle SDI,Age-standardized,Females,2021 ,40.53,72.33,-4.37,
DALYs (Disability-Adjusted Life Years),Percent,High body-mass index,Osteoarthritis hip,High-middle SDI,Age-standardized,Both sexes,2021 ,38.43,69.7,-4.06,
DALYs (Disability-Adjusted Life Years),Rate,High body-mass index,Osteoarthritis hip,High-middle SDI,Age-standardized,Males,2021 ,5.03,13.39,-0.48,
DALYs (Disability-Adjusted Life Years),Rate,High body-mass index,Osteoarthritis hip,High-middle SDI,Age-standardized,Females,2021 ,4.98,13.15,-0.48,
DALYs (Disability-Adjusted Life Years),Rate,High body-mass index,Osteoarthritis hip,High-middle SDI,Age-standardized,Both sexes,2021 ,5.01,13.27,-0.48,
DALYs (Disability-Adjusted Life Years),Number,High body-mass index,Osteoarthritis hip,High SDI,All ages,Males,2021 ,77458.9,202805.52,-8074.59,
DALYs (Disability-Adjusted Life Years),Number,High body-mass index,Osteoarthritis hip,High SDI,All ages,Females,2021 ,93310.2,238381.84,-9402.41,
DALYs (Disability-Adjusted Life Years),Number,High body-mass index,Osteoarthritis hip,High SDI,All ages,Both sexes,2021 ,170769.09,438551.89,-17476.99,
DALYs (Disability-Adjusted Life Years),Percent,High body-mass index,Osteoarthritis hip,High SDI,All ages,Males,2021 ,40.09,71.28,-4.38,
DALYs (Disability-Adjusted Life Years),Percent,High body-mass index,Osteoarthritis hip,High SDI,All ages,Females,2021 ,40.74,72.11,-4.37,
DALYs (Disability-Adjusted Life Years),Percent,High body-mass index,Osteoarthritis hip,High SDI,All ages,Both sexes,2021 ,40.44,71.8,-4.37,
DALYs (Disability-Adjusted Life Years),Rate,High body-mass index,Osteoarthritis hip,High SDI,All ages,Males,2021 ,14.19,37.16,-1.48,
DALYs (Disability-Adjusted Life Years),Rate,High body-mass index,Osteoarthritis hip,High SDI,All ages,Females,2021 ,17.02,43.47,-1.71,
DALYs (Disability-Adjusted Life Years),Rate,High body-mass index,Osteoarthritis hip,High SDI,All ages,Both sexes,2021 ,15.61,40.09,-1.6,
DALYs (Disability-Adjusted Life Years),Percent,High body-mass index,Osteoarthritis hip,High SDI,Age-standardized,Males,2021 ,40.3,71.55,-4.42,
DALYs (Disability-Adjusted Life Years),Percent,High body-mass index,Osteoarthritis hip,High SDI,Age-standardized,Females,2021 ,41.12,72.57,-4.44,
DALYs (Disability-Adjusted Life Years),Percent,High body-mass index,Osteoarthritis hip,High SDI,Age-standardized,Both sexes,2021 ,40.76,72.17,-4.43,
DALYs (Disability-Adjusted Life Years),Rate,High body-mass index,Osteoarthritis hip,High SDI,Age-standardized,Males,2021 ,8.66,22.87,-0.91,
DALYs (Disability-Adjusted Life Years),Rate,High body-mass index,Osteoarthritis hip,High SDI,Age-standardized,Females,2021 ,8.98,23.22,-0.91,
DALYs (Disability-Adjusted Life Years),Rate,High body-mass index,Osteoarthritis hip,High SDI,Age-standardized,Both sexes,2021 ,8.85,23.13,-0.91,
DALYs (Disability-Adjusted Life Years),Number,High body-mass index,Osteoarthritis hip,Low-middle SDI,All ages,Males,2021 ,16157.3,45075.84,-1349.09,
DALYs (Disability-Adjusted Life Years),Number,High body-mass index,Osteoarthritis hip,Low-middle SDI,All ages,Females,2021 ,22366.25,61524.22,-1921.05,
DALYs (Disability-Adjusted Life Years),Number,High body-mass index,Osteoarthritis hip,Low-middle SDI,All ages,Both sexes,2021 ,38523.55,106358.16,-3270.14,
DALYs (Disability-Adjusted Life Years),Percent,High body-mass index,Osteoarthritis hip,Low-middle SDI,All ages,Males,2021 ,25.16,48.78,-2.35,
DALYs (Disability-Adjusted Life Years),Percent,High body-mass index,Osteoarthritis hip,Low-middle SDI,All ages,Females,2021 ,28.65,54.5,-2.77,
DALYs (Disability-Adjusted Life Years),Percent,High body-mass index,Osteoarthritis hip,Low-middle SDI,All ages,Both sexes,2021 ,27.08,51.83,-2.58,
DALYs (Disability-Adjusted Life Years),Rate,High body-mass index,Osteoarthritis hip,Low-middle SDI,All ages,Males,2021 ,1.67,4.67,-0.14,
DALYs (Disability-Adjusted Life Years),Rate,High body-mass index,Osteoarthritis hip,Low-middle SDI,All ages,Females,2021 ,2.34,6.44,-0.2,
DALYs (Disability-Adjusted Life Years),Rate,High body-mass index,Osteoarthritis hip,Low-middle SDI,All ages,Both sexes,2021 ,2.01,5.54,-0.17,
DALYs (Disability-Adjusted Life Years),Percent,High body-mass index,Osteoarthritis hip,Low-middle SDI,Age-standardized,Males,2021 ,24.78,48.05,-2.31,
DALYs (Disability-Adjusted Life Years),Percent,High body-mass index,Osteoarthritis hip,Low-middle SDI,Age-standardized,Females,2021 ,28.26,54.09,-2.72,
DALYs (Disability-Adjusted Life Years),Percent,High body-mass index,Osteoarthritis hip,Low-middle SDI,Age-standardized,Both sexes,2021 ,26.68,51.18,-2.53,
DALYs (Disability-Adjusted Life Years),Rate,High body-mass index,Osteoarthritis hip,Low-middle SDI,Age-standardized,Males,2021 ,2.21,6.22,-0.18,
DALYs (Disability-Adjusted Life Years),Rate,High body-mass index,Osteoarthritis hip,Low-middle SDI,Age-standardized,Females,2021 ,2.85,7.88,-0.24,
DALYs (Disability-Adjusted Life Years),Rate,High body-mass index,Osteoarthritis hip,Low-middle SDI,Age-standardized,Both sexes,2021 ,2.54,7.06,-0.21,
DALYs (Disability-Adjusted Life Years),Number,High body-mass index,Osteoarthritis hip,Middle SDI,All ages,Males,2021 ,40204.8,111768.24,-3565.92,
DALYs (Disability-Adjusted Life Years),Number,High body-mass index,Osteoarthritis hip,Middle SDI,All ages,Females,2021 ,43501.72,120365.8,-3863.37,
DALYs (Disability-Adjusted Life Years),Number,High body-mass index,Osteoarthritis hip,Middle SDI,All ages,Both sexes,2021 ,83706.52,232134.04,-7429.29,
DALYs (Disability-Adjusted Life Years),Percent,High body-mass index,Osteoarthritis hip,Middle SDI,All ages,Males,2021 ,30.08,57.13,-2.91,
DALYs (Disability-Adjusted Life Years),Percent,High body-mass index,Osteoarthritis hip,Middle SDI,All ages,Females,2021 ,34.28,63.21,-3.42,
DALYs (Disability-Adjusted Life Years),Percent,High body-mass index,Osteoarthritis hip,Middle SDI,All ages,Both sexes,2021 ,32.13,60.11,-3.16,
DALYs (Disability-Adjusted Life Years),Rate,High body-mass index,Osteoarthritis hip,Middle SDI,All ages,Males,2021 ,3.26,9.06,-0.29,
DALYs (Disability-Adjusted Life Years),Rate,High body-mass index,Osteoarthritis hip,Middle SDI,All ages,Females,2021 ,3.58,9.9,-0.32,
DALYs (Disability-Adjusted Life Years),Rate,High body-mass index,Osteoarthritis hip,Middle SDI,All ages,Both sexes,2021 ,3.42,9.48,-0.3,
DALYs (Disability-Adjusted Life Years),Percent,High body-mass index,Osteoarthritis hip,Middle SDI,Age-standardized,Males,2021 ,29.73,56.46,-2.86,
DALYs (Disability-Adjusted Life Years),Percent,High body-mass index,Osteoarthritis hip,Middle SDI,Age-standardized,Females,2021 ,34.03,62.81,-3.38,
DALYs (Disability-Adjusted Life Years),Percent,High body-mass index,Osteoarthritis hip,Middle SDI,Age-standardized,Both sexes,2021 ,31.83,59.6,-3.12,
DALYs (Disability-Adjusted Life Years),Rate,High body-mass index,Osteoarthritis hip,Middle SDI,Age-standardized,Males,2021 ,3.06,8.47,-0.27,
DALYs (Disability-Adjusted Life Years),Rate,High body-mass index,Osteoarthritis hip,Middle SDI,Age-standardized,Females,2021 ,3.03,8.37,-0.27,
DALYs (Disability-Adjusted Life Years),Rate,High body-mass index,Osteoarthritis hip,Middle SDI,Age-standardized,Both sexes,2021 ,3.04,8.42,-0.27,
DALYs (Disability-Adjusted Life Years),Number,High body-mass index,Osteoarthritis hip,Sub-Saharan Africa,All ages,Males,2021 ,8657.89,24148.66,-694.25,
DALYs (Disability-Adjusted Life Years),Number,High body-mass index,Osteoarthritis hip,Sub-Saharan Africa,All ages,Females,2021 ,9155.88,25333.33,-786.87,
DALYs (Disability-Adjusted Life Years),Number,High body-mass index,Osteoarthritis hip,Sub-Saharan Africa,All ages,Both sexes,2021 ,17813.78,49392.48,-1481.12,
DALYs (Disability-Adjusted Life Years),Percent,High body-mass index,Osteoarthritis hip,Sub-Saharan Africa,All ages,Males,2021 ,27.51,53.15,-2.52,
DALYs (Disability-Adjusted Life Years),Percent,High body-mass index,Osteoarthritis hip,Sub-Saharan Africa,All ages,Females,2021 ,33.1,61.27,-3.21,
DALYs (Disability-Adjusted Life Years),Percent,High body-mass index,Osteoarthritis hip,Sub-Saharan Africa,All ages,Both sexes,2021 ,30.12,56.83,-2.85,
DALYs (Disability-Adjusted Life Years),Rate,High body-mass index,Osteoarthritis hip,Sub-Saharan Africa,All ages,Males,2021 ,1.55,4.33,-0.12,
DALYs (Disability-Adjusted Life Years),Rate,High body-mass index,Osteoarthritis hip,Sub-Saharan Africa,All ages,Females,2021 ,1.59,4.4,-0.14,
DALYs (Disability-Adjusted Life Years),Rate,High body-mass index,Osteoarthritis hip,Sub-Saharan Africa,All ages,Both sexes,2021 ,1.57,4.36,-0.13,
DALYs (Disability-Adjusted Life Years),Percent,High body-mass index,Osteoarthritis hip,Sub-Saharan Africa,Age-standardized,Males,2021 ,27.02,52.18,-2.47,
DALYs (Disability-Adjusted Life Years),Percent,High body-mass index,Osteoarthritis hip,Sub-Saharan Africa,Age-standardized,Females,2021 ,32.45,60.05,-3.12,
DALYs (Disability-Adjusted Life Years),Percent,High body-mass index,Osteoarthritis hip,Sub-Saharan Africa,Age-standardized,Both sexes,2021 ,29.6,56.01,-2.78,
DALYs (Disability-Adjusted Life Years),Rate,High body-mass index,Osteoarthritis hip,Sub-Saharan Africa,Age-standardized,Males,2021 ,3.59,9.88,-0.28,
DALYs (Disability-Adjusted Life Years),Rate,High body-mass index,Osteoarthritis hip,Sub-Saharan Africa,Age-standardized,Females,2021 ,3.35,9.26,-0.28,
DALYs (Disability-Adjusted Life Years),Rate,High body-mass index,Osteoarthritis hip,Sub-Saharan Africa,Age-standardized,Both sexes,2021 ,3.46,9.51,-0.28,
DALYs (Disability-Adjusted Life Years),Number,High body-mass index,Osteoarthritis hip,Low SDI,All ages,Males,2021 ,5325.68,15061.26,-385.36,
DALYs (Disability-Adjusted Life Years),Number,High body-mass index,Osteoarthritis hip,Low SDI,All ages,Females,2021 ,6336.58,17688.76,-476.92,
DALYs (Disability-Adjusted Life Years),Number,High body-mass index,Osteoarthritis hip,Low SDI,All ages,Both sexes,2021 ,11662.26,32920.6,-862.28,
DALYs (Disability-Adjusted Life Years),Percent,High body-mass index,Osteoarthritis hip,Low SDI,All ages,Males,2021 ,20.73,41.78,-1.77,
DALYs (Disability-Adjusted Life Years),Percent,High body-mass index,Osteoarthritis hip,Low SDI,All ages,Females,2021 ,23.93,46.9,-2.1,
DALYs (Disability-Adjusted Life Years),Percent,High body-mass index,Osteoarthritis hip,Low SDI,All ages,Both sexes,2021 ,22.36,44.28,-1.94,
DALYs (Disability-Adjusted Life Years),Rate,High body-mass index,Osteoarthritis hip,Low SDI,All ages,Males,2021 ,0.95,2.69,-0.07,
DALYs (Disability-Adjusted Life Years),Rate,High body-mass index,Osteoarthritis hip,Low SDI,All ages,Females,2021 ,1.14,3.17,-0.09,
DALYs (Disability-Adjusted Life Years),Rate,High body-mass index,Osteoarthritis hip,Low SDI,All ages,Both sexes,2021 ,1.04,2.95,-0.08,
DALYs (Disability-Adjusted Life Years),Percent,High body-mass index,Osteoarthritis hip,Low SDI,Age-standardized,Males,2021 ,20.01,40.34,-1.7,
DALYs (Disability-Adjusted Life Years),Percent,High body-mass index,Osteoarthritis hip,Low SDI,Age-standardized,Females,2021 ,23.12,45.64,-2.01,
DALYs (Disability-Adjusted Life Years),Percent,High body-mass index,Osteoarthritis hip,Low SDI,Age-standardized,Both sexes,2021 ,21.59,42.98,-1.86,
DALYs (Disability-Adjusted Life Years),Rate,High body-mass index,Osteoarthritis hip,Low SDI,Age-standardized,Males,2021 ,1.95,5.5,-0.14,
DALYs (Disability-Adjusted Life Years),Rate,High body-mass index,Osteoarthritis hip,Low SDI,Age-standardized,Females,2021 ,2.23,6.32,-0.16,
DALYs (Disability-Adjusted Life Years),Rate,High body-mass index,Osteoarthritis hip,Low SDI,Age-standardized,Both sexes,2021 ,2.09,5.91,-0.15,
YLDs (Years Lived with Disability),Number,High body-mass index,Osteoarthritis hip,Global,All ages,Males,2021 ,184256.63,498140.42,-17798.89,
YLDs (Years Lived with Disability),Number,High body-mass index,Osteoarthritis hip,Global,All ages,Females,2021 ,219141.96,577008.1,-20873.1,
YLDs (Years Lived with Disability),Number,High body-mass index,Osteoarthritis hip,Global,All ages,Both sexes,2021 ,403398.6,1076491.22,-38678.96,
YLDs (Years Lived with Disability),Percent,High body-mass index,Osteoarthritis hip,Global,All ages,Males,2021 ,34.05,62.84,-3.53,
YLDs (Years Lived with Disability),Percent,High body-mass index,Osteoarthritis hip,Global,All ages,Females,2021 ,36.98,66.83,-3.87,
YLDs (Years Lived with Disability),Percent,High body-mass index,Osteoarthritis hip,Global,All ages,Both sexes,2021 ,35.59,64.94,-3.71,
YLDs (Years Lived with Disability),Rate,High body-mass index,Osteoarthritis hip,Global,All ages,Males,2021 ,4.65,12.58,-0.45,
YLDs (Years Lived with Disability),Rate,High body-mass index,Osteoarthritis hip,Global,All ages,Females,2021 ,5.57,14.67,-0.53,
YLDs (Years Lived with Disability),Rate,High body-mass index,Osteoarthritis hip,Global,All ages,Both sexes,2021 ,5.11,13.64,-0.49,
YLDs (Years Lived with Disability),Percent,High body-mass index,Osteoarthritis hip,Global,Age-standardized,Males,2021 ,33.89,62.59,-3.5,
YLDs (Years Lived with Disability),Percent,High body-mass index,Osteoarthritis hip,Global,Age-standardized,Females,2021 ,36.94,66.78,-3.86,
YLDs (Years Lived with Disability),Percent,High body-mass index,Osteoarthritis hip,Global,Age-standardized,Both sexes,2021 ,35.5,64.82,-3.69,
YLDs (Years Lived with Disability),Rate,High body-mass index,Osteoarthritis hip,Global,Age-standardized,Males,2021 ,4.51,12.15,-0.43,
YLDs (Years Lived with Disability),Rate,High body-mass index,Osteoarthritis hip,Global,Age-standardized,Females,2021 ,4.78,12.64,-0.46,
YLDs (Years Lived with Disability),Rate,High body-mass index,Osteoarthritis hip,Global,Age-standardized,Both sexes,2021 ,4.66,12.42,-0.45,
YLDs (Years Lived with Disability),Number,High body-mass index,Osteoarthritis hip,"Southeast Asia, East Asia, and Oceania",All ages,Males,2021 ,34197.09,96073.09,-2796.34,
YLDs (Years Lived with Disability),Number,High body-mass index,Osteoarthritis hip,"Southeast Asia, East Asia, and Oceania",All ages,Females,2021 ,34826.35,97434.84,-2853.07,
YLDs (Years Lived with Disability),Number,High body-mass index,Osteoarthritis hip,"Southeast Asia, East Asia, and Oceania",All ages,Both sexes,2021 ,69023.44,194160.79,-5649.41,
YLDs (Years Lived with Disability),Percent,High body-mass index,Osteoarthritis hip,"Southeast Asia, East Asia, and Oceania",All ages,Males,2021 ,26.43,51.23,-2.38,
YLDs (Years Lived with Disability),Percent,High body-mass index,Osteoarthritis hip,"Southeast Asia, East Asia, and Oceania",All ages,Females,2021 ,31.29,59.46,-2.91,
YLDs (Years Lived with Disability),Percent,High body-mass index,Osteoarthritis hip,"Southeast Asia, East Asia, and Oceania",All ages,Both sexes,2021 ,28.68,55.17,-2.63,
YLDs (Years Lived with Disability),Rate,High body-mass index,Osteoarthritis hip,"Southeast Asia, East Asia, and Oceania",All ages,Males,2021 ,3.08,8.66,-0.25,
YLDs (Years Lived with Disability),Rate,High body-mass index,Osteoarthritis hip,"Southeast Asia, East Asia, and Oceania",All ages,Females,2021 ,3.24,9.06,-0.27,
YLDs (Years Lived with Disability),Rate,High body-mass index,Osteoarthritis hip,"Southeast Asia, East Asia, and Oceania",All ages,Both sexes,2021 ,3.16,8.89,-0.26,
YLDs (Years Lived with Disability),Percent,High body-mass index,Osteoarthritis hip,"Southeast Asia, East Asia, and Oceania",Age-standardized,Males,2021 ,26.01,50.32,-2.34,
YLDs (Years Lived with Disability),Percent,High body-mass index,Osteoarthritis hip,"Southeast Asia, East Asia, and Oceania",Age-standardized,Females,2021 ,31,58.96,-2.87,
YLDs (Years Lived with Disability),Percent,High body-mass index,Osteoarthritis hip,"Southeast Asia, East Asia, and Oceania",Age-standardized,Both sexes,2021 ,28.36,54.57,-2.59,
YLDs (Years Lived with Disability),Rate,High body-mass index,Osteoarthritis hip,"Southeast Asia, East Asia, and Oceania",Age-standardized,Males,2021 ,2.45,6.87,-0.2,
YLDs (Years Lived with Disability),Rate,High body-mass index,Osteoarthritis hip,"Southeast Asia, East Asia, and Oceania",Age-standardized,Females,2021 ,2.32,6.49,-0.19,
YLDs (Years Lived with Disability),Rate,High body-mass index,Osteoarthritis hip,"Southeast Asia, East Asia, and Oceania",Age-standardized,Both sexes,2021 ,2.38,6.7,-0.19,
YLDs (Years Lived with Disability),Number,High body-mass index,Osteoarthritis hip,High-income,All ages,Males,2021 ,84537.19,220526.75,-8809.04,
YLDs (Years Lived with Disability),Number,High body-mass index,Osteoarthritis hip,High-income,All ages,Females,2021 ,104935.07,271457.32,-10557.42,
YLDs (Years Lived with Disability),Number,High body-mass index,Osteoarthritis hip,High-income,All ages,Both sexes,2021 ,189472.25,484011.61,-19366.45,
YLDs (Years Lived with Disability),Percent,High body-mass index,Osteoarthritis hip,High-income,All ages,Males,2021 ,40.16,71.63,-4.39,
YLDs (Years Lived with Disability),Percent,High body-mass index,Osteoarthritis hip,High-income,All ages,Females,2021 ,40.83,72.32,-4.38,
YLDs (Years Lived with Disability),Percent,High body-mass index,Osteoarthritis hip,High-income,All ages,Both sexes,2021 ,40.53,72.08,-4.38,
YLDs (Years Lived with Disability),Rate,High body-mass index,Osteoarthritis hip,High-income,All ages,Males,2021 ,15.76,41.1,-1.64,
YLDs (Years Lived with Disability),Rate,High body-mass index,Osteoarthritis hip,High-income,All ages,Females,2021 ,18.9,48.9,-1.9,
YLDs (Years Lived with Disability),Rate,High body-mass index,Osteoarthritis hip,High-income,All ages,Both sexes,2021 ,17.36,44.34,-1.77,
YLDs (Years Lived with Disability),Percent,High body-mass index,Osteoarthritis hip,High-income,Age-standardized,Males,2021 ,40.42,71.93,-4.43,
YLDs (Years Lived with Disability),Percent,High body-mass index,Osteoarthritis hip,High-income,Age-standardized,Females,2021 ,41.2,72.76,-4.45,
YLDs (Years Lived with Disability),Percent,High body-mass index,Osteoarthritis hip,High-income,Age-standardized,Both sexes,2021 ,40.86,72.47,-4.44,
YLDs (Years Lived with Disability),Rate,High body-mass index,Osteoarthritis hip,High-income,Age-standardized,Males,2021 ,9.35,24.66,-0.98,
YLDs (Years Lived with Disability),Rate,High body-mass index,Osteoarthritis hip,High-income,Age-standardized,Females,2021 ,9.77,25.08,-0.99,
YLDs (Years Lived with Disability),Rate,High body-mass index,Osteoarthritis hip,High-income,Age-standardized,Both sexes,2021 ,9.59,24.98,-0.99,
YLDs (Years Lived with Disability),Number,High body-mass index,Osteoarthritis hip,North Africa and Middle East,All ages,Males,2021 ,10823.97,28676.7,-1154.2,
YLDs (Years Lived with Disability),Number,High body-mass index,Osteoarthritis hip,North Africa and Middle East,All ages,Females,2021 ,9745.31,25257.75,-1101.68,
YLDs (Years Lived with Disability),Number,High body-mass index,Osteoarthritis hip,North Africa and Middle East,All ages,Both sexes,2021 ,20569.28,53566.85,-2255.89,
YLDs (Years Lived with Disability),Percent,High body-mass index,Osteoarthritis hip,North Africa and Middle East,All ages,Males,2021 ,43.48,75.86,-4.81,
YLDs (Years Lived with Disability),Percent,High body-mass index,Osteoarthritis hip,North Africa and Middle East,All ages,Females,2021 ,48.32,80.43,-5.87,
YLDs (Years Lived with Disability),Percent,High body-mass index,Osteoarthritis hip,North Africa and Middle East,All ages,Both sexes,2021 ,45.65,77.9,-5.28,
YLDs (Years Lived with Disability),Rate,High body-mass index,Osteoarthritis hip,North Africa and Middle East,All ages,Males,2021 ,3.35,8.87,-0.36,
YLDs (Years Lived with Disability),Rate,High body-mass index,Osteoarthritis hip,North Africa and Middle East,All ages,Females,2021 ,3.25,8.43,-0.37,
YLDs (Years Lived with Disability),Rate,High body-mass index,Osteoarthritis hip,North Africa and Middle East,All ages,Both sexes,2021 ,3.3,8.6,-0.36,
YLDs (Years Lived with Disability),Percent,High body-mass index,Osteoarthritis hip,North Africa and Middle East,Age-standardized,Males,2021 ,42.81,75.28,-4.68,
YLDs (Years Lived with Disability),Percent,High body-mass index,Osteoarthritis hip,North Africa and Middle East,Age-standardized,Females,2021 ,47.83,79.95,-5.74,
YLDs (Years Lived with Disability),Percent,High body-mass index,Osteoarthritis hip,North Africa and Middle East,Age-standardized,Both sexes,2021 ,45.1,77.4,-5.16,
YLDs (Years Lived with Disability),Rate,High body-mass index,Osteoarthritis hip,North Africa and Middle East,Age-standardized,Males,2021 ,4.27,11.36,-0.45,
YLDs (Years Lived with Disability),Rate,High body-mass index,Osteoarthritis hip,North Africa and Middle East,Age-standardized,Females,2021 ,4.1,10.54,-0.46,
YLDs (Years Lived with Disability),Rate,High body-mass index,Osteoarthritis hip,North Africa and Middle East,Age-standardized,Both sexes,2021 ,4.19,11,-0.45,
YLDs (Years Lived with Disability),Number,High body-mass index,Osteoarthritis hip,"Central Europe, Eastern Europe, and Central Asia",All ages,Males,2021 ,19734.95,51755.94,-1860.61,
YLDs (Years Lived with Disability),Number,High body-mass index,Osteoarthritis hip,"Central Europe, Eastern Europe, and Central Asia",All ages,Females,2021 ,24640.87,65529.72,-2428.35,
YLDs (Years Lived with Disability),Number,High body-mass index,Osteoarthritis hip,"Central Europe, Eastern Europe, and Central Asia",All ages,Both sexes,2021 ,44375.82,117285.66,-4292.36,
YLDs (Years Lived with Disability),Percent,High body-mass index,Osteoarthritis hip,"Central Europe, Eastern Europe, and Central Asia",All ages,Males,2021 ,40.34,72.86,-4.31,
YLDs (Years Lived with Disability),Percent,High body-mass index,Osteoarthritis hip,"Central Europe, Eastern Europe, and Central Asia",All ages,Females,2021 ,44.76,77.66,-5.09,
YLDs (Years Lived with Disability),Percent,High body-mass index,Osteoarthritis hip,"Central Europe, Eastern Europe, and Central Asia",All ages,Both sexes,2021 ,42.68,75.38,-4.72,
YLDs (Years Lived with Disability),Rate,High body-mass index,Osteoarthritis hip,"Central Europe, Eastern Europe, and Central Asia",All ages,Males,2021 ,9.87,25.89,-0.93,
YLDs (Years Lived with Disability),Rate,High body-mass index,Osteoarthritis hip,"Central Europe, Eastern Europe, and Central Asia",All ages,Females,2021 ,11.31,30.07,-1.11,
YLDs (Years Lived with Disability),Rate,High body-mass index,Osteoarthritis hip,"Central Europe, Eastern Europe, and Central Asia",All ages,Both sexes,2021 ,10.62,28.07,-1.03,
YLDs (Years Lived with Disability),Percent,High body-mass index,Osteoarthritis hip,"Central Europe, Eastern Europe, and Central Asia",Age-standardized,Males,2021 ,40.11,72.54,-4.28,
YLDs (Years Lived with Disability),Percent,High body-mass index,Osteoarthritis hip,"Central Europe, Eastern Europe, and Central Asia",Age-standardized,Females,2021 ,44.74,77.55,-5.08,
YLDs (Years Lived with Disability),Percent,High body-mass index,Osteoarthritis hip,"Central Europe, Eastern Europe, and Central Asia",Age-standardized,Both sexes,2021 ,42.56,75.22,-4.7,
YLDs (Years Lived with Disability),Rate,High body-mass index,Osteoarthritis hip,"Central Europe, Eastern Europe, and Central Asia",Age-standardized,Males,2021 ,7.65,20.21,-0.72,
YLDs (Years Lived with Disability),Rate,High body-mass index,Osteoarthritis hip,"Central Europe, Eastern Europe, and Central Asia",Age-standardized,Females,2021 ,6.47,17.17,-0.64,
YLDs (Years Lived with Disability),Rate,High body-mass index,Osteoarthritis hip,"Central Europe, Eastern Europe, and Central Asia",Age-standardized,Both sexes,2021 ,6.95,18.45,-0.67,
YLDs (Years Lived with Disability),Number,High body-mass index,Osteoarthritis hip,Latin America and Caribbean,All ages,Males,2021 ,15155.75,40760.79,-1500.57,
YLDs (Years Lived with Disability),Number,High body-mass index,Osteoarthritis hip,Latin America and Caribbean,All ages,Females,2021 ,14949.8,40125.58,-1498.53,
YLDs (Years Lived with Disability),Number,High body-mass index,Osteoarthritis hip,Latin America and Caribbean,All ages,Both sexes,2021 ,30105.55,80994.53,-3021.93,
YLDs (Years Lived with Disability),Percent,High body-mass index,Osteoarthritis hip,Latin America and Caribbean,All ages,Males,2021 ,40.35,72.81,-4.3,
YLDs (Years Lived with Disability),Percent,High body-mass index,Osteoarthritis hip,Latin America and Caribbean,All ages,Females,2021 ,42.82,75.81,-4.65,
YLDs (Years Lived with Disability),Percent,High body-mass index,Osteoarthritis hip,Latin America and Caribbean,All ages,Both sexes,2021 ,41.54,74.31,-4.46,
YLDs (Years Lived with Disability),Rate,High body-mass index,Osteoarthritis hip,Latin America and Caribbean,All ages,Males,2021 ,5.21,14,-0.52,
YLDs (Years Lived with Disability),Rate,High body-mass index,Osteoarthritis hip,Latin America and Caribbean,All ages,Females,2021 ,4.93,13.24,-0.49,
YLDs (Years Lived with Disability),Rate,High body-mass index,Osteoarthritis hip,Latin America and Caribbean,All ages,Both sexes,2021 ,5.07,13.63,-0.51,
YLDs (Years Lived with Disability),Percent,High body-mass index,Osteoarthritis hip,Latin America and Caribbean,Age-standardized,Males,2021 ,40.07,72.44,-4.25,
YLDs (Years Lived with Disability),Percent,High body-mass index,Osteoarthritis hip,Latin America and Caribbean,Age-standardized,Females,2021 ,42.76,75.76,-4.63,
YLDs (Years Lived with Disability),Percent,High body-mass index,Osteoarthritis hip,Latin America and Caribbean,Age-standardized,Both sexes,2021 ,41.39,74.15,-4.44,
YLDs (Years Lived with Disability),Rate,High body-mass index,Osteoarthritis hip,Latin America and Caribbean,Age-standardized,Males,2021 ,5.22,13.94,-0.51,
YLDs (Years Lived with Disability),Rate,High body-mass index,Osteoarthritis hip,Latin America and Caribbean,Age-standardized,Females,2021 ,4.41,11.84,-0.44,
YLDs (Years Lived with Disability),Rate,High body-mass index,Osteoarthritis hip,Latin America and Caribbean,Age-standardized,Both sexes,2021 ,4.79,12.83,-0.48,
YLDs (Years Lived with Disability),Number,High body-mass index,Osteoarthritis hip,South Asia,All ages,Males,2021 ,11149.8,31217.66,-779.55,
YLDs (Years Lived with Disability),Number,High body-mass index,Osteoarthritis hip,South Asia,All ages,Females,2021 ,20888.69,57709.41,-1584.54,
YLDs (Years Lived with Disability),Number,High body-mass index,Osteoarthritis hip,South Asia,All ages,Both sexes,2021 ,32038.49,87846.84,-2364.09,
YLDs (Years Lived with Disability),Percent,High body-mass index,Osteoarthritis hip,South Asia,All ages,Males,2021 ,19.13,39.48,-1.57,
YLDs (Years Lived with Disability),Percent,High body-mass index,Osteoarthritis hip,South Asia,All ages,Females,2021 ,24.17,48.29,-2.15,
YLDs (Years Lived with Disability),Percent,High body-mass index,Osteoarthritis hip,South Asia,All ages,Both sexes,2021 ,22.14,44.75,-1.92,
YLDs (Years Lived with Disability),Rate,High body-mass index,Osteoarthritis hip,South Asia,All ages,Males,2021 ,1.18,3.32,-0.08,
YLDs (Years Lived with Disability),Rate,High body-mass index,Osteoarthritis hip,South Asia,All ages,Females,2021 ,2.31,6.37,-0.17,
YLDs (Years Lived with Disability),Rate,High body-mass index,Osteoarthritis hip,South Asia,All ages,Both sexes,2021 ,1.74,4.76,-0.13,
YLDs (Years Lived with Disability),Percent,High body-mass index,Osteoarthritis hip,South Asia,Age-standardized,Males,2021 ,18.61,38.45,-1.52,
YLDs (Years Lived with Disability),Percent,High body-mass index,Osteoarthritis hip,South Asia,Age-standardized,Females,2021 ,23.72,47.76,-2.1,
YLDs (Years Lived with Disability),Percent,High body-mass index,Osteoarthritis hip,South Asia,Age-standardized,Both sexes,2021 ,21.63,44.04,-1.87,
YLDs (Years Lived with Disability),Rate,High body-mass index,Osteoarthritis hip,South Asia,Age-standardized,Males,2021 ,1.43,4.02,-0.1,
YLDs (Years Lived with Disability),Rate,High body-mass index,Osteoarthritis hip,South Asia,Age-standardized,Females,2021 ,2.61,7.25,-0.2,
YLDs (Years Lived with Disability),Rate,High body-mass index,Osteoarthritis hip,South Asia,Age-standardized,Both sexes,2021 ,2.03,5.6,-0.15,
YLDs (Years Lived with Disability),Number,High body-mass index,Osteoarthritis hip,Sub-Saharan Africa,All ages,Males,2021 ,8657.89,24148.66,-694.25,
YLDs (Years Lived with Disability),Number,High body-mass index,Osteoarthritis hip,Sub-Saharan Africa,All ages,Females,2021 ,9155.88,25333.33,-786.87,
YLDs (Years Lived with Disability),Number,High body-mass index,Osteoarthritis hip,Sub-Saharan Africa,All ages,Both sexes,2021 ,17813.78,49392.48,-1481.12,
YLDs (Years Lived with Disability),Percent,High body-mass index,Osteoarthritis hip,Sub-Saharan Africa,All ages,Males,2021 ,27.51,53.15,-2.52,
YLDs (Years Lived with Disability),Percent,High body-mass index,Osteoarthritis hip,Sub-Saharan Africa,All ages,Females,2021 ,33.1,61.27,-3.21,
YLDs (Years Lived with Disability),Percent,High body-mass index,Osteoarthritis hip,Sub-Saharan Africa,All ages,Both sexes,2021 ,30.12,56.83,-2.85,
YLDs (Years Lived with Disability),Rate,High body-mass index,Osteoarthritis hip,Sub-Saharan Africa,All ages,Males,2021 ,1.55,4.33,-0.12,
YLDs (Years Lived with Disability),Rate,High body-mass index,Osteoarthritis hip,Sub-Saharan Africa,All ages,Females,2021 ,1.59,4.4,-0.14,
YLDs (Years Lived with Disability),Rate,High body-mass index,Osteoarthritis hip,Sub-Saharan Africa,All ages,Both sexes,2021 ,1.57,4.36,-0.13,
YLDs (Years Lived with Disability),Percent,High body-mass index,Osteoarthritis hip,Sub-Saharan Africa,Age-standardized,Males,2021 ,27.02,52.18,-2.47,
YLDs (Years Lived with Disability),Percent,High body-mass index,Osteoarthritis hip,Sub-Saharan Africa,Age-standardized,Females,2021 ,32.45,60.05,-3.12,
YLDs (Years Lived with Disability),Percent,High body-mass index,Osteoarthritis hip,Sub-Saharan Africa,Age-standardized,Both sexes,2021 ,29.6,56.01,-2.78,
YLDs (Years Lived with Disability),Rate,High body-mass index,Osteoarthritis hip,Sub-Saharan Africa,Age-standardized,Males,2021 ,3.59,9.88,-0.28,
YLDs (Years Lived with Disability),Rate,High body-mass index,Osteoarthritis hip,Sub-Saharan Africa,Age-standardized,Females,2021 ,3.35,9.26,-0.28,
YLDs (Years Lived with Disability),Rate,High body-mass index,Osteoarthritis hip,Sub-Saharan Africa,Age-standardized,Both sexes,2021 ,3.46,9.51,-0.28,
YLDs (Years Lived with Disability),Number,High body-mass index,Osteoarthritis hip,High-middle SDI,All ages,Males,2021 ,44912.6,119888.87,-4299.38,
YLDs (Years Lived with Disability),Number,High body-mass index,Osteoarthritis hip,High-middle SDI,All ages,Females,2021 ,53400.98,140338.37,-5174.15,
YLDs (Years Lived with Disability),Number,High body-mass index,Osteoarthritis hip,High-middle SDI,All ages,Both sexes,2021 ,98313.59,259106.7,-9508.25,
YLDs (Years Lived with Disability),Percent,High body-mass index,Osteoarthritis hip,High-middle SDI,All ages,Males,2021 ,36.29,66.9,-3.75,
YLDs (Years Lived with Disability),Percent,High body-mass index,Osteoarthritis hip,High-middle SDI,All ages,Females,2021 ,40.61,72.44,-4.38,
YLDs (Years Lived with Disability),Percent,High body-mass index,Osteoarthritis hip,High-middle SDI,All ages,Both sexes,2021 ,38.52,69.83,-4.08,
YLDs (Years Lived with Disability),Rate,High body-mass index,Osteoarthritis hip,High-middle SDI,All ages,Males,2021 ,6.88,18.37,-0.66,
YLDs (Years Lived with Disability),Rate,High body-mass index,Osteoarthritis hip,High-middle SDI,All ages,Females,2021 ,8.2,21.54,-0.79,
YLDs (Years Lived with Disability),Rate,High body-mass index,Osteoarthritis hip,High-middle SDI,All ages,Both sexes,2021 ,7.54,19.87,-0.73,
YLDs (Years Lived with Disability),Percent,High body-mass index,Osteoarthritis hip,High-middle SDI,Age-standardized,Males,2021 ,36.15,66.72,-3.73,
YLDs (Years Lived with Disability),Percent,High body-mass index,Osteoarthritis hip,High-middle SDI,Age-standardized,Females,2021 ,40.53,72.33,-4.37,
YLDs (Years Lived with Disability),Percent,High body-mass index,Osteoarthritis hip,High-middle SDI,Age-standardized,Both sexes,2021 ,38.43,69.7,-4.06,
YLDs (Years Lived with Disability),Rate,High body-mass index,Osteoarthritis hip,High-middle SDI,Age-standardized,Males,2021 ,5.03,13.39,-0.48,
YLDs (Years Lived with Disability),Rate,High body-mass index,Osteoarthritis hip,High-middle SDI,Age-standardized,Females,2021 ,4.98,13.15,-0.48,
YLDs (Years Lived with Disability),Rate,High body-mass index,Osteoarthritis hip,High-middle SDI,Age-standardized,Both sexes,2021 ,5.01,13.27,-0.48,
YLDs (Years Lived with Disability),Number,High body-mass index,Osteoarthritis hip,High SDI,All ages,Males,2021 ,77458.9,202805.52,-8074.59,
YLDs (Years Lived with Disability),Number,High body-mass index,Osteoarthritis hip,High SDI,All ages,Females,2021 ,93310.2,238381.84,-9402.41,
YLDs (Years Lived with Disability),Number,High body-mass index,Osteoarthritis hip,High SDI,All ages,Both sexes,2021 ,170769.09,438551.89,-17476.99,
YLDs (Years Lived with Disability),Percent,High body-mass index,Osteoarthritis hip,High SDI,All ages,Males,2021 ,40.09,71.28,-4.38,
YLDs (Years Lived with Disability),Percent,High body-mass index,Osteoarthritis hip,High SDI,All ages,Females,2021 ,40.74,72.11,-4.37,
YLDs (Years Lived with Disability),Percent,High body-mass index,Osteoarthritis hip,High SDI,All ages,Both sexes,2021 ,40.44,71.8,-4.37,
YLDs (Years Lived with Disability),Rate,High body-mass index,Osteoarthritis hip,High SDI,All ages,Males,2021 ,14.19,37.16,-1.48,
YLDs (Years Lived with Disability),Rate,High body-mass index,Osteoarthritis hip,High SDI,All ages,Females,2021 ,17.02,43.47,-1.71,
YLDs (Years Lived with Disability),Rate,High body-mass index,Osteoarthritis hip,High SDI,All ages,Both sexes,2021 ,15.61,40.09,-1.6,
YLDs (Years Lived with Disability),Percent,High body-mass index,Osteoarthritis hip,High SDI,Age-standardized,Males,2021 ,40.3,71.55,-4.42,
YLDs (Years Lived with Disability),Percent,High body-mass index,Osteoarthritis hip,High SDI,Age-standardized,Females,2021 ,41.12,72.57,-4.44,
YLDs (Years Lived with Disability),Percent,High body-mass index,Osteoarthritis hip,High SDI,Age-standardized,Both sexes,2021 ,40.76,72.17,-4.43,
YLDs (Years Lived with Disability),Rate,High body-mass index,Osteoarthritis hip,High SDI,Age-standardized,Males,2021 ,8.66,22.87,-0.91,
YLDs (Years Lived with Disability),Rate,High body-mass index,Osteoarthritis hip,High SDI,Age-standardized,Females,2021 ,8.98,23.22,-0.91,
YLDs (Years Lived with Disability),Rate,High body-mass index,Osteoarthritis hip,High SDI,Age-standardized,Both sexes,2021 ,8.85,23.13,-0.91,
YLDs (Years Lived with Disability),Number,High body-mass index,Osteoarthritis hip,Low-middle SDI,All ages,Males,2021 ,16157.3,45075.84,-1349.09,
YLDs (Years Lived with Disability),Number,High body-mass index,Osteoarthritis hip,Low-middle SDI,All ages,Females,2021 ,22366.25,61524.22,-1921.05,
YLDs (Years Lived with Disability),Number,High body-mass index,Osteoarthritis hip,Low-middle SDI,All ages,Both sexes,2021 ,38523.55,106358.16,-3270.14,
YLDs (Years Lived with Disability),Percent,High body-mass index,Osteoarthritis hip,Low-middle SDI,All ages,Males,2021 ,25.16,48.78,-2.35,
YLDs (Years Lived with Disability),Percent,High body-mass index,Osteoarthritis hip,Low-middle SDI,All ages,Females,2021 ,28.65,54.5,-2.77,
YLDs (Years Lived with Disability),Percent,High body-mass index,Osteoarthritis hip,Low-middle SDI,All ages,Both sexes,2021 ,27.08,51.83,-2.58,
YLDs (Years Lived with Disability),Rate,High body-mass index,Osteoarthritis hip,Low-middle SDI,All ages,Males,2021 ,1.67,4.67,-0.14,
YLDs (Years Lived with Disability),Rate,High body-mass index,Osteoarthritis hip,Low-middle SDI,All ages,Females,2021 ,2.34,6.44,-0.2,
YLDs (Years Lived with Disability),Rate,High body-mass index,Osteoarthritis hip,Low-middle SDI,All ages,Both sexes,2021 ,2.01,5.54,-0.17,
YLDs (Years Lived with Disability),Percent,High body-mass index,Osteoarthritis hip,Low-middle SDI,Age-standardized,Males,2021 ,24.78,48.05,-2.31,
YLDs (Years Lived with Disability),Percent,High body-mass index,Osteoarthritis hip,Low-middle SDI,Age-standardized,Females,2021 ,28.26,54.09,-2.72,
YLDs (Years Lived with Disability),Percent,High body-mass index,Osteoarthritis hip,Low-middle SDI,Age-standardized,Both sexes,2021 ,26.68,51.18,-2.53,
YLDs (Years Lived with Disability),Rate,High body-mass index,Osteoarthritis hip,Low-middle SDI,Age-standardized,Males,2021 ,2.21,6.22,-0.18,
YLDs (Years Lived with Disability),Rate,High body-mass index,Osteoarthritis hip,Low-middle SDI,Age-standardized,Females,2021 ,2.85,7.88,-0.24,
YLDs (Years Lived with Disability),Rate,High body-mass index,Osteoarthritis hip,Low-middle SDI,Age-standardized,Both sexes,2021 ,2.54,7.06,-0.21,
YLDs (Years Lived with Disability),Number,High body-mass index,Osteoarthritis hip,Low SDI,All ages,Males,2021 ,5325.68,15061.26,-385.36,
YLDs (Years Lived with Disability),Number,High body-mass index,Osteoarthritis hip,Low SDI,All ages,Females,2021 ,6336.58,17688.76,-476.92,
YLDs (Years Lived with Disability),Number,High body-mass index,Osteoarthritis hip,Low SDI,All ages,Both sexes,2021 ,11662.26,32920.6,-862.28,
YLDs (Years Lived with Disability),Percent,High body-mass index,Osteoarthritis hip,Low SDI,All ages,Males,2021 ,20.73,41.78,-1.77,
YLDs (Years Lived with Disability),Percent,High body-mass index,Osteoarthritis hip,Low SDI,All ages,Females,2021 ,23.93,46.9,-2.1,
YLDs (Years Lived with Disability),Percent,High body-mass index,Osteoarthritis hip,Low SDI,All ages,Both sexes,2021 ,22.36,44.28,-1.94,
YLDs (Years Lived with Disability),Rate,High body-mass index,Osteoarthritis hip,Low SDI,All ages,Males,2021 ,0.95,2.69,-0.07,
YLDs (Years Lived with Disability),Rate,High body-mass index,Osteoarthritis hip,Low SDI,All ages,Females,2021 ,1.14,3.17,-0.09,
YLDs (Years Lived with Disability),Rate,High body-mass index,Osteoarthritis hip,Low SDI,All ages,Both sexes,2021 ,1.04,2.95,-0.08,
YLDs (Years Lived with Disability),Percent,High body-mass index,Osteoarthritis hip,Low SDI,Age-standardized,Males,2021 ,20.01,40.34,-1.7,
YLDs (Years Lived with Disability),Percent,High body-mass index,Osteoarthritis hip,Low SDI,Age-standardized,Females,2021 ,23.12,45.64,-2.01,
YLDs (Years Lived with Disability),Percent,High body-mass index,Osteoarthritis hip,Low SDI,Age-standardized,Both sexes,2021 ,21.59,42.98,-1.86,
YLDs (Years Lived with Disability),Rate,High body-mass index,Osteoarthritis hip,Low SDI,Age-standardized,Males,2021 ,1.95,5.5,-0.14,
YLDs (Years Lived with Disability),Rate,High body-mass index,Osteoarthritis hip,Low SDI,Age-standardized,Females,2021 ,2.23,6.32,-0.16,
YLDs (Years Lived with Disability),Rate,High body-mass index,Osteoarthritis hip,Low SDI,Age-standardized,Both sexes,2021 ,2.09,5.91,-0.15,
YLDs (Years Lived with Disability),Number,High body-mass index,Osteoarthritis hip,Middle SDI,All ages,Males,2021 ,40204.8,111768.24,-3565.92,
YLDs (Years Lived with Disability),Number,High body-mass index,Osteoarthritis hip,Middle SDI,All ages,Females,2021 ,43501.72,120365.8,-3863.37,
YLDs (Years Lived with Disability),Number,High body-mass index,Osteoarthritis hip,Middle SDI,All ages,Both sexes,2021 ,83706.52,232134.04,-7429.29,
YLDs (Years Lived with Disability),Percent,High body-mass index,Osteoarthritis hip,Middle SDI,All ages,Males,2021 ,30.08,57.13,-2.91,
YLDs (Years Lived with Disability),Percent,High body-mass index,Osteoarthritis hip,Middle SDI,All ages,Females,2021 ,34.28,63.21,-3.42,
YLDs (Years Lived with Disability),Percent,High body-mass index,Osteoarthritis hip,Middle SDI,All ages,Both sexes,2021 ,32.13,60.11,-3.16,
YLDs (Years Lived with Disability),Rate,High body-mass index,Osteoarthritis hip,Middle SDI,All ages,Males,2021 ,3.26,9.06,-0.29,
YLDs (Years Lived with Disability),Rate,High body-mass index,Osteoarthritis hip,Middle SDI,All ages,Females,2021 ,3.58,9.9,-0.32,
YLDs (Years Lived with Disability),Rate,High body-mass index,Osteoarthritis hip,Middle SDI,All ages,Both sexes,2021 ,3.42,9.48,-0.3,
YLDs (Years Lived with Disability),Percent,High body-mass index,Osteoarthritis hip,Middle SDI,Age-standardized,Males,2021 ,29.73,56.46,-2.86,
YLDs (Years Lived with Disability),Percent,High body-mass index,Osteoarthritis hip,Middle SDI,Age-standardized,Females,2021 ,34.03,62.81,-3.38,
YLDs (Years Lived with Disability),Percent,High body-mass index,Osteoarthritis hip,Middle SDI,Age-standardized,Both sexes,2021 ,31.83,59.6,-3.12,
YLDs (Years Lived with Disability),Rate,High body-mass index,Osteoarthritis hip,Middle SDI,Age-standardized,Males,2021 ,3.06,8.47,-0.27,
YLDs (Years Lived with Disability),Rate,High body-mass index,Osteoarthritis hip,Middle SDI,Age-standardized,Females,2021 ,3.03,8.37,-0.27,
YLDs (Years Lived with Disability),Rate,High body-mass index,Osteoarthritis hip,Middle SDI,Age-standardized,Both sexes,2021 ,3.04,8.42,-0.27,
