﻿measure_name,metric_name,cause_name,location_name,age_name,sex_name,year,val,upper,lower
DALYs (Disability-Adjusted Life Years),Number,Osteoarthritis hip,East Asia,All ages,Both sexes,2021,181529.56,363005.93,83423.26
DALYs (Disability-Adjusted Life Years),Number,Osteoarthritis hip,High-income Asia Pacific,All ages,Both sexes,2021,61374.01,123867.21,28522.34
DALYs (Disability-Adjusted Life Years),Number,Osteoarthritis hip,Australasia,All ages,Both sexes,2021,12279.94,25039.6,5758.22
DALYs (Disability-Adjusted Life Years),Number,Osteoarthritis hip,Southern Latin America,All ages,Both sexes,2021,18613.38,37838.6,8851.27
DALYs (Disability-Adjusted Life Years),Number,Osteoarthritis hip,Andean Latin America,All ages,Both sexes,2021,6980.12,13947.03,3239.03
DALYs (Disability-Adjusted Life Years),Number,Osteoarthritis hip,Southeast Asia,All ages,Both sexes,2021,59809.86,120730.53,27363.48
DALYs (Disability-Adjusted Life Years),Number,Osteoarthritis hip,Oceania,All ages,Both sexes,2021,750.41,1527.45,346.75
DALYs (Disability-Adjusted Life Years),Number,Osteoarthritis hip,Central Europe,All ages,Both sexes,2021,35192.2,72027.93,16690.98
DALYs (Disability-Adjusted Life Years),Number,Osteoarthritis hip,North Africa and Middle East,All ages,Both sexes,2021,45379.77,92345.57,21309.75
DALYs (Disability-Adjusted Life Years),Number,Osteoarthritis hip,Eastern Europe,All ages,Both sexes,2021,56850,116159.88,26795.38
DALYs (Disability-Adjusted Life Years),Number,Osteoarthritis hip,Central Asia,All ages,Both sexes,2021,12326.87,24970.24,5720.66
DALYs (Disability-Adjusted Life Years),Number,Osteoarthritis hip,Western Sub-Saharan Africa,All ages,Both sexes,2021,23285.84,46899.88,10780.83
DALYs (Disability-Adjusted Life Years),Number,Osteoarthritis hip,Southern Sub-Saharan Africa,All ages,Both sexes,2021,9195.26,18526.57,4230.5
DALYs (Disability-Adjusted Life Years),Number,Osteoarthritis hip,Caribbean,All ages,Both sexes,2021,6200.15,12509.56,2893.61
DALYs (Disability-Adjusted Life Years),Number,Osteoarthritis hip,Eastern Sub-Saharan Africa,All ages,Both sexes,2021,20717.3,41615.86,9671.33
DALYs (Disability-Adjusted Life Years),Number,Osteoarthritis hip,Central Sub-Saharan Africa,All ages,Both sexes,2021,6322.49,12708.97,2946.68
DALYs (Disability-Adjusted Life Years),Number,Osteoarthritis hip,Tropical Latin America,All ages,Both sexes,2021,31589.16,63327.59,14907.96
DALYs (Disability-Adjusted Life Years),Number,Osteoarthritis hip,High-income North America,All ages,Both sexes,2021,175308.89,358046.05,82925.11
DALYs (Disability-Adjusted Life Years),Number,Osteoarthritis hip,Central Latin America,All ages,Both sexes,2021,28070.65,56438.31,13057.04
DALYs (Disability-Adjusted Life Years),Number,Osteoarthritis hip,Western Europe,All ages,Both sexes,2021,201971.83,412180.95,95728.84
DALYs (Disability-Adjusted Life Years),Number,Osteoarthritis hip,South Asia,All ages,Both sexes,2021,145919.22,291857.41,67555.19
