measure_id,measure_name,location_id,location_name,sex_id,sex_name,age_id,age_name,cause_id,cause_name,metric_id,metric_name,year_start,year_end,val,upper,lower
2,DALYs (Disability-Adjusted Life Years),103,Latin America and Caribbean,1,Male,22,All ages,1014,Osteoarthritis hip,1,Number,1990,2021,2.0823535449944233,2.1939727117276,1.974456814846224
2,DALYs (Disability-Adjusted Life Years),103,Latin America and Caribbean,2,Female,22,All ages,1014,Osteoarthritis hip,1,Number,1990,2021,2.275146206588583,2.401704640343598,2.1505291661501538
2,DALYs (Disability-Adjusted Life Years),103,Latin America and Caribbean,3,Both,22,All ages,1014,Osteoarthritis hip,1,Number,1990,2021,2.172302081393628,2.273871762589167,2.077946862044285
2,DALYs (Disability-Adjusted Life Years),103,Latin America and Caribbean,1,Male,22,All ages,1014,Osteoarthritis hip,2,Percent,1990,2021,1.1315734118495053,1.2650232370006327,1.0115340816069596
2,DALYs (Disability-Adjusted Life Years),103,Latin America and Caribbean,2,Female,22,All ages,1014,Osteoarthritis hip,2,Percent,1990,2021,1.2008604732029429,1.3425628866273618,1.0796760856278547
2,DALYs (Disability-Adjusted Life Years),103,Latin America and Caribbean,3,Both,22,All ages,1014,Osteoarthritis hip,2,Percent,1990,2021,1.165346737411208,1.2915545140825082,1.0543289635601458
2,DALYs (Disability-Adjusted Life Years),103,Latin America and Caribbean,1,Male,22,All ages,1014,Osteoarthritis hip,3,Rate,1990,2021,1.0426998026956633,1.116670697511795,0.971195795719191
2,DALYs (Disability-Adjusted Life Years),103,Latin America and Caribbean,2,Female,22,All ages,1014,Osteoarthritis hip,3,Rate,1990,2021,1.13283365021521,1.2152507605378615,1.0516808098618133
2,DALYs (Disability-Adjusted Life Years),103,Latin America and Caribbean,3,Both,22,All ages,1014,Osteoarthritis hip,3,Rate,1990,2021,1.0837190003457124,1.1504348014062558,1.0217420012152774
2,DALYs (Disability-Adjusted Life Years),103,Latin America and Caribbean,1,Male,27,Age-standardized,1014,Osteoarthritis hip,3,Rate,1990,2021,0.1632412118913425,0.19262625759086968,0.13642577343335482
2,DALYs (Disability-Adjusted Life Years),103,Latin America and Caribbean,2,Female,27,Age-standardized,1014,Osteoarthritis hip,3,Rate,1990,2021,0.1473638583368726,0.17802240868469,0.11966546906789385
2,DALYs (Disability-Adjusted Life Years),103,Latin America and Caribbean,3,Both,27,Age-standardized,1014,Osteoarthritis hip,3,Rate,1990,2021,0.15135532637236704,0.17479039786088443,0.12989293641178898
2,DALYs (Disability-Adjusted Life Years),158,South Asia,1,Male,22,All ages,1014,Osteoarthritis hip,1,Number,1990,2021,2.0014960883530524,2.1458112547172794,1.8717022867359105
2,DALYs (Disability-Adjusted Life Years),158,South Asia,2,Female,22,All ages,1014,Osteoarthritis hip,1,Number,1990,2021,2.3384171674841845,2.492272809306521,2.198706273826131
2,DALYs (Disability-Adjusted Life Years),158,South Asia,3,Both,22,All ages,1014,Osteoarthritis hip,1,Number,1990,2021,2.1938665149019836,2.3113043528937096,2.0841715077349496
2,DALYs (Disability-Adjusted Life Years),158,South Asia,1,Male,22,All ages,1014,Osteoarthritis hip,2,Percent,1990,2021,1.867587483447258,2.1474703458513558,1.6455013977971449
2,DALYs (Disability-Adjusted Life Years),158,South Asia,2,Female,22,All ages,1014,Osteoarthritis hip,2,Percent,1990,2021,2.3978960223424566,2.7726836432224555,2.112426130325283
2,DALYs (Disability-Adjusted Life Years),158,South Asia,3,Both,22,All ages,1014,Osteoarthritis hip,2,Percent,1990,2021,2.1434059349282184,2.4421530676037437,1.9099668331334039
2,DALYs (Disability-Adjusted Life Years),158,South Asia,1,Male,22,All ages,1014,Osteoarthritis hip,3,Rate,1990,2021,0.8127751332767775,0.8999353151457237,0.7343852340068744
2,DALYs (Disability-Adjusted Life Years),158,South Asia,2,Female,22,All ages,1014,Osteoarthritis hip,3,Rate,1990,2021,0.9357606135402945,1.0249728589455298,0.8547501131570916
2,DALYs (Disability-Adjusted Life Years),158,South Asia,3,Both,22,All ages,1014,Osteoarthritis hip,3,Rate,1990,2021,0.8911890307312761,0.96072767612127,0.8262351595183292
2,DALYs (Disability-Adjusted Life Years),158,South Asia,1,Male,27,Age-standardized,1014,Osteoarthritis hip,3,Rate,1990,2021,0.2775600670266186,0.3231633981530778,0.22996203283800434
2,DALYs (Disability-Adjusted Life Years),158,South Asia,2,Female,27,Age-standardized,1014,Osteoarthritis hip,3,Rate,1990,2021,0.26351605122525534,0.30881355847548686,0.22149631092294597
2,DALYs (Disability-Adjusted Life Years),158,South Asia,3,Both,27,Age-standardized,1014,Osteoarthritis hip,3,Rate,1990,2021,0.28397110393572644,0.3203611985706535,0.24831896082269933
2,DALYs (Disability-Adjusted Life Years),31,"Central Europe, Eastern Europe, and Central Asia",1,Male,22,All ages,1014,Osteoarthritis hip,1,Number,1990,2021,0.5806874698975947,0.6355812574710336,0.528456291846993
2,DALYs (Disability-Adjusted Life Years),31,"Central Europe, Eastern Europe, and Central Asia",2,Female,22,All ages,1014,Osteoarthritis hip,1,Number,1990,2021,0.560085513559892,0.6041692410151364,0.5182332621878586
2,DALYs (Disability-Adjusted Life Years),31,"Central Europe, Eastern Europe, and Central Asia",3,Both,22,All ages,1014,Osteoarthritis hip,1,Number,1990,2021,0.5697148532703632,0.6086584752450661,0.5299271208082812
2,DALYs (Disability-Adjusted Life Years),31,"Central Europe, Eastern Europe, and Central Asia",1,Male,22,All ages,1014,Osteoarthritis hip,2,Percent,1990,2021,0.47324756643369603,0.5389828025478638,0.40651586917607885
2,DALYs (Disability-Adjusted Life Years),31,"Central Europe, Eastern Europe, and Central Asia",2,Female,22,All ages,1014,Osteoarthritis hip,2,Percent,1990,2021,0.38860523570394645,0.4422046312018876,0.3368819652998228
2,DALYs (Disability-Adjusted Life Years),31,"Central Europe, Eastern Europe, and Central Asia",3,Both,22,All ages,1014,Osteoarthritis hip,2,Percent,1990,2021,0.43189321509569323,0.4839136798546251,0.37972442256759076
2,DALYs (Disability-Adjusted Life Years),31,"Central Europe, Eastern Europe, and Central Asia",1,Male,22,All ages,1014,Osteoarthritis hip,3,Rate,1990,2021,0.5899199354118253,0.6451343461383967,0.5373836859544433
2,DALYs (Disability-Adjusted Life Years),31,"Central Europe, Eastern Europe, and Central Asia",2,Female,22,All ages,1014,Osteoarthritis hip,3,Rate,1990,2021,0.5736537723936425,0.6181209015401841,0.5314375267568994
2,DALYs (Disability-Adjusted Life Years),31,"Central Europe, Eastern Europe, and Central Asia",3,Both,22,All ages,1014,Osteoarthritis hip,3,Rate,1990,2021,0.5812219215397716,0.6204510265216541,0.5411425181714945
2,DALYs (Disability-Adjusted Life Years),31,"Central Europe, Eastern Europe, and Central Asia",1,Male,27,Age-standardized,1014,Osteoarthritis hip,3,Rate,1990,2021,0.09471526926668501,0.11591826257989465,0.0728109777531018
2,DALYs (Disability-Adjusted Life Years),31,"Central Europe, Eastern Europe, and Central Asia",2,Female,27,Age-standardized,1014,Osteoarthritis hip,3,Rate,1990,2021,0.1655483936004572,0.19308348691698213,0.13732105263515756
2,DALYs (Disability-Adjusted Life Years),31,"Central Europe, Eastern Europe, and Central Asia",3,Both,27,Age-standardized,1014,Osteoarthritis hip,3,Rate,1990,2021,0.14261507785379537,0.16133043367763797,0.12355980157263108
2,DALYs (Disability-Adjusted Life Years),4,"Southeast Asia, East Asia, and Oceania",1,Male,22,All ages,1014,Osteoarthritis hip,1,Number,1990,2021,2.057382124297406,2.215799924209106,1.9115786993625143
2,DALYs (Disability-Adjusted Life Years),4,"Southeast Asia, East Asia, and Oceania",2,Female,22,All ages,1014,Osteoarthritis hip,1,Number,1990,2021,2.077504514718405,2.236922594333703,1.927797736013947
2,DALYs (Disability-Adjusted Life Years),4,"Southeast Asia, East Asia, and Oceania",3,Both,22,All ages,1014,Osteoarthritis hip,1,Number,1990,2021,2.0666519200550333,2.222459325287086,1.9333080299187408
2,DALYs (Disability-Adjusted Life Years),4,"Southeast Asia, East Asia, and Oceania",1,Male,22,All ages,1014,Osteoarthritis hip,2,Percent,1990,2021,1.9007277158247649,2.3019568567614295,1.541073385983828
2,DALYs (Disability-Adjusted Life Years),4,"Southeast Asia, East Asia, and Oceania",2,Female,22,All ages,1014,Osteoarthritis hip,2,Percent,1990,2021,2.0360643810608097,2.3747990953538025,1.7212656117871337
2,DALYs (Disability-Adjusted Life Years),4,"Southeast Asia, East Asia, and Oceania",3,Both,22,All ages,1014,Osteoarthritis hip,2,Percent,1990,2021,1.9590271996159634,2.278560847753092,1.682749244795818
2,DALYs (Disability-Adjusted Life Years),4,"Southeast Asia, East Asia, and Oceania",1,Male,22,All ages,1014,Osteoarthritis hip,3,Rate,1990,2021,1.3739235837322752,1.496928081045412,1.2607135972241568
2,DALYs (Disability-Adjusted Life Years),4,"Southeast Asia, East Asia, and Oceania",2,Female,22,All ages,1014,Osteoarthritis hip,3,Rate,1990,2021,1.3693267827097229,1.4920604859014575,1.2540696714232005
2,DALYs (Disability-Adjusted Life Years),4,"Southeast Asia, East Asia, and Oceania",3,Both,22,All ages,1014,Osteoarthritis hip,3,Rate,1990,2021,1.3712043129968845,1.4916781068653693,1.2680998147865759
2,DALYs (Disability-Adjusted Life Years),4,"Southeast Asia, East Asia, and Oceania",1,Male,27,Age-standardized,1014,Osteoarthritis hip,3,Rate,1990,2021,0.2500682018494681,0.2878269248758262,0.21405451951983834
2,DALYs (Disability-Adjusted Life Years),4,"Southeast Asia, East Asia, and Oceania",2,Female,27,Age-standardized,1014,Osteoarthritis hip,3,Rate,1990,2021,0.222195336547588,0.2619866267096569,0.18273657702661708
2,DALYs (Disability-Adjusted Life Years),4,"Southeast Asia, East Asia, and Oceania",3,Both,27,Age-standardized,1014,Osteoarthritis hip,3,Rate,1990,2021,0.23847089139673053,0.267675420090034,0.20871744690908234
2,DALYs (Disability-Adjusted Life Years),1,Global,1,Male,22,All ages,1014,Osteoarthritis hip,1,Number,1990,2021,1.3824110221515515,1.4355879381571977,1.3318300905704643
2,DALYs (Disability-Adjusted Life Years),1,Global,2,Female,22,All ages,1014,Osteoarthritis hip,1,Number,1990,2021,1.2605434111988143,1.2962668425585893,1.2253374574862863
2,DALYs (Disability-Adjusted Life Years),1,Global,3,Both,22,All ages,1014,Osteoarthritis hip,1,Number,1990,2021,1.3171331035801468,1.351289727905408,1.284126737996036
2,DALYs (Disability-Adjusted Life Years),1,Global,1,Male,22,All ages,1014,Osteoarthritis hip,2,Percent,1990,2021,1.1130713700599355,1.250508663775147,1.0025815835839658
2,DALYs (Disability-Adjusted Life Years),1,Global,2,Female,22,All ages,1014,Osteoarthritis hip,2,Percent,1990,2021,1.0494492852191706,1.1770317891737587,0.939869183566184
2,DALYs (Disability-Adjusted Life Years),1,Global,3,Both,22,All ages,1014,Osteoarthritis hip,2,Percent,1990,2021,1.0760181901658248,1.1986935116748447,0.9770789532686379
2,DALYs (Disability-Adjusted Life Years),1,Global,1,Male,22,All ages,1014,Osteoarthritis hip,3,Rate,1990,2021,0.6160422248979172,0.6521133061915891,0.581732057403857
2,DALYs (Disability-Adjusted Life Years),1,Global,2,Female,22,All ages,1014,Osteoarthritis hip,3,Rate,1990,2021,0.5223058709852696,0.5463629136509056,0.49859731057244916
2,DALYs (Disability-Adjusted Life Years),1,Global,3,Both,22,All ages,1014,Osteoarthritis hip,3,Rate,1990,2021,0.566108489962549,0.5891943365466735,0.5438000825239682
2,DALYs (Disability-Adjusted Life Years),1,Global,1,Male,27,Age-standardized,1014,Osteoarthritis hip,3,Rate,1990,2021,0.08400678607417252,0.09806326884320768,0.06910775210848119
2,DALYs (Disability-Adjusted Life Years),1,Global,2,Female,27,Age-standardized,1014,Osteoarthritis hip,3,Rate,1990,2021,0.04625299792429483,0.06478048952679506,0.02705324987128144
2,DALYs (Disability-Adjusted Life Years),1,Global,3,Both,27,Age-standardized,1014,Osteoarthritis hip,3,Rate,1990,2021,0.06116143310520634,0.07467946974137005,0.04615535487669736
2,DALYs (Disability-Adjusted Life Years),64,High-income,1,Male,22,All ages,1014,Osteoarthritis hip,1,Number,1990,2021,1.052647452448619,1.1162739735569076,0.9920353649762191
2,DALYs (Disability-Adjusted Life Years),64,High-income,2,Female,22,All ages,1014,Osteoarthritis hip,1,Number,1990,2021,0.85982428166359,0.8977733131911312,0.8234130209975794
2,DALYs (Disability-Adjusted Life Years),64,High-income,3,Both,22,All ages,1014,Osteoarthritis hip,1,Number,1990,2021,0.9419848328537898,0.9846728058083756,0.9038503727477933
2,DALYs (Disability-Adjusted Life Years),64,High-income,1,Male,22,All ages,1014,Osteoarthritis hip,2,Percent,1990,2021,0.6739382805669001,0.7412168566434585,0.6190827118464979
2,DALYs (Disability-Adjusted Life Years),64,High-income,2,Female,22,All ages,1014,Osteoarthritis hip,2,Percent,1990,2021,0.4505560095281909,0.49028452835220726,0.4177512690905767
2,DALYs (Disability-Adjusted Life Years),64,High-income,3,Both,22,All ages,1014,Osteoarthritis hip,2,Percent,1990,2021,0.5499782496607195,0.5965223094021207,0.5118733962689272
2,DALYs (Disability-Adjusted Life Years),64,High-income,1,Male,22,All ages,1014,Osteoarthritis hip,3,Rate,1990,2021,0.7017754289557763,0.7545258660183403,0.6515241493046111
2,DALYs (Disability-Adjusted Life Years),64,High-income,2,Female,22,All ages,1014,Osteoarthritis hip,3,Rate,1990,2021,0.5551677951371587,0.5869004229290078,0.5247210370609193
2,DALYs (Disability-Adjusted Life Years),64,High-income,3,Both,22,All ages,1014,Osteoarthritis hip,3,Rate,1990,2021,0.6170668277144398,0.6526125764965208,0.58531273294142
2,DALYs (Disability-Adjusted Life Years),64,High-income,1,Male,27,Age-standardized,1014,Osteoarthritis hip,3,Rate,1990,2021,0.1489915604051749,0.17097660829600236,0.12447528984324191
2,DALYs (Disability-Adjusted Life Years),64,High-income,2,Female,27,Age-standardized,1014,Osteoarthritis hip,3,Rate,1990,2021,0.14539759131487967,0.16724053086418322,0.1248876165963379
2,DALYs (Disability-Adjusted Life Years),64,High-income,3,Both,27,Age-standardized,1014,Osteoarthritis hip,3,Rate,1990,2021,0.14230000517124708,0.1606464863377487,0.12360050487547566
2,DALYs (Disability-Adjusted Life Years),166,Sub-Saharan Africa,1,Male,22,All ages,1014,Osteoarthritis hip,1,Number,1990,2021,1.503051899949366,1.5716300475788807,1.4386634600073243
2,DALYs (Disability-Adjusted Life Years),166,Sub-Saharan Africa,2,Female,22,All ages,1014,Osteoarthritis hip,1,Number,1990,2021,1.6881919392558493,1.7686673830767479,1.610690051592289
2,DALYs (Disability-Adjusted Life Years),166,Sub-Saharan Africa,3,Both,22,All ages,1014,Osteoarthritis hip,1,Number,1990,2021,1.586380815520378,1.6431014344872727,1.5259233644797479
2,DALYs (Disability-Adjusted Life Years),166,Sub-Saharan Africa,1,Male,22,All ages,1014,Osteoarthritis hip,2,Percent,1990,2021,1.1544117167689154,1.3894872456290708,0.9244793521725583
2,DALYs (Disability-Adjusted Life Years),166,Sub-Saharan Africa,2,Female,22,All ages,1014,Osteoarthritis hip,2,Percent,1990,2021,1.3411476066125678,1.5598722513077021,1.1202998666182453
2,DALYs (Disability-Adjusted Life Years),166,Sub-Saharan Africa,3,Both,22,All ages,1014,Osteoarthritis hip,2,Percent,1990,2021,1.2383078338243463,1.4491213205317144,1.01848448290345
2,DALYs (Disability-Adjusted Life Years),166,Sub-Saharan Africa,1,Male,22,All ages,1014,Osteoarthritis hip,3,Rate,1990,2021,0.09165396947121641,0.12156290067646175,0.06357229203887481
2,DALYs (Disability-Adjusted Life Years),166,Sub-Saharan Africa,2,Female,22,All ages,1014,Osteoarthritis hip,3,Rate,1990,2021,0.15913445098067866,0.19383504584094863,0.12571603814526996
2,DALYs (Disability-Adjusted Life Years),166,Sub-Saharan Africa,3,Both,22,All ages,1014,Osteoarthritis hip,3,Rate,1990,2021,0.12151682275527823,0.1461122450483661,0.09530102035058541
2,DALYs (Disability-Adjusted Life Years),166,Sub-Saharan Africa,1,Male,27,Age-standardized,1014,Osteoarthritis hip,3,Rate,1990,2021,0.12006872279242242,0.1397761468379242,0.10093701097336114
2,DALYs (Disability-Adjusted Life Years),166,Sub-Saharan Africa,2,Female,27,Age-standardized,1014,Osteoarthritis hip,3,Rate,1990,2021,0.09235813187423493,0.11395038740832394,0.0699409425645241
2,DALYs (Disability-Adjusted Life Years),166,Sub-Saharan Africa,3,Both,27,Age-standardized,1014,Osteoarthritis hip,3,Rate,1990,2021,0.10118295425978423,0.11663183033769847,0.08532602746854333
2,DALYs (Disability-Adjusted Life Years),137,North Africa and Middle East,1,Male,22,All ages,1014,Osteoarthritis hip,1,Number,1990,2021,2.4807901817326194,2.6614903134862766,2.2977592974863086
2,DALYs (Disability-Adjusted Life Years),137,North Africa and Middle East,2,Female,22,All ages,1014,Osteoarthritis hip,1,Number,1990,2021,2.526198099311278,2.7337484920703403,2.3368728871069133
2,DALYs (Disability-Adjusted Life Years),137,North Africa and Middle East,3,Both,22,All ages,1014,Osteoarthritis hip,1,Number,1990,2021,2.500950871444349,2.635314847129992,2.3393442040100263
2,DALYs (Disability-Adjusted Life Years),137,North Africa and Middle East,1,Male,22,All ages,1014,Osteoarthritis hip,2,Percent,1990,2021,1.8239013765421785,2.0758914401711093,1.5660615402623526
2,DALYs (Disability-Adjusted Life Years),137,North Africa and Middle East,2,Female,22,All ages,1014,Osteoarthritis hip,2,Percent,1990,2021,2.070887330391893,2.4053338880349937,1.794202577045515
2,DALYs (Disability-Adjusted Life Years),137,North Africa and Middle East,3,Both,22,All ages,1014,Osteoarthritis hip,2,Percent,1990,2021,1.9333990105485637,2.1973630269888393,1.690577574298195
2,DALYs (Disability-Adjusted Life Years),137,North Africa and Middle East,1,Male,22,All ages,1014,Osteoarthritis hip,3,Rate,1990,2021,0.870106639057069,0.9671904902597285,0.7717705561820227
2,DALYs (Disability-Adjusted Life Years),137,North Africa and Middle East,2,Female,22,All ages,1014,Osteoarthritis hip,3,Rate,1990,2021,0.9471753516976548,1.061785194262807,0.8426294991174276
2,DALYs (Disability-Adjusted Life Years),137,North Africa and Middle East,3,Both,22,All ages,1014,Osteoarthritis hip,3,Rate,1990,2021,0.9060896530181165,0.9792440025640508,0.8181030436749759
2,DALYs (Disability-Adjusted Life Years),137,North Africa and Middle East,1,Male,27,Age-standardized,1014,Osteoarthritis hip,3,Rate,1990,2021,0.23760086109544962,0.2872916616638146,0.1803815599920094
2,DALYs (Disability-Adjusted Life Years),137,North Africa and Middle East,2,Female,27,Age-standardized,1014,Osteoarthritis hip,3,Rate,1990,2021,0.27743500520972725,0.3455700790065668,0.2213049036396626
2,DALYs (Disability-Adjusted Life Years),137,North Africa and Middle East,3,Both,27,Age-standardized,1014,Osteoarthritis hip,3,Rate,1990,2021,0.25681418313670057,0.30049833239770896,0.20992939228138768
3,YLDs (Years Lived with Disability),31,"Central Europe, Eastern Europe, and Central Asia",1,Male,22,All ages,1014,Osteoarthritis hip,1,Number,1990,2021,0.580687469897594,0.6355812574710338,0.5284562918469933
3,YLDs (Years Lived with Disability),31,"Central Europe, Eastern Europe, and Central Asia",2,Female,22,All ages,1014,Osteoarthritis hip,1,Number,1990,2021,0.5600855135598908,0.6041692410151362,0.5182332621878585
3,YLDs (Years Lived with Disability),31,"Central Europe, Eastern Europe, and Central Asia",3,Both,22,All ages,1014,Osteoarthritis hip,1,Number,1990,2021,0.569714853270362,0.6086584752450659,0.5299271208082809
3,YLDs (Years Lived with Disability),31,"Central Europe, Eastern Europe, and Central Asia",1,Male,22,All ages,1014,Osteoarthritis hip,2,Percent,1990,2021,0.4338876882370356,0.4925244368094645,0.378635931441336
3,YLDs (Years Lived with Disability),31,"Central Europe, Eastern Europe, and Central Asia",2,Female,22,All ages,1014,Osteoarthritis hip,2,Percent,1990,2021,0.3707561716578086,0.4254161032818425,0.3107315840451616
3,YLDs (Years Lived with Disability),31,"Central Europe, Eastern Europe, and Central Asia",3,Both,22,All ages,1014,Osteoarthritis hip,2,Percent,1990,2021,0.3979569633547894,0.4477582769637681,0.3435608120594923
3,YLDs (Years Lived with Disability),31,"Central Europe, Eastern Europe, and Central Asia",1,Male,22,All ages,1014,Osteoarthritis hip,3,Rate,1990,2021,0.5899199354118262,0.6451343461383969,0.5373836859544436
3,YLDs (Years Lived with Disability),31,"Central Europe, Eastern Europe, and Central Asia",2,Female,22,All ages,1014,Osteoarthritis hip,3,Rate,1990,2021,0.5736537723936421,0.6181209015401841,0.5314375267568991
3,YLDs (Years Lived with Disability),31,"Central Europe, Eastern Europe, and Central Asia",3,Both,22,All ages,1014,Osteoarthritis hip,3,Rate,1990,2021,0.5812219215397713,0.6204510265216541,0.5411425181714946
3,YLDs (Years Lived with Disability),31,"Central Europe, Eastern Europe, and Central Asia",1,Male,27,Age-standardized,1014,Osteoarthritis hip,2,Percent,1990,2021,0.1444018243910078,0.1787103185539634,0.1067965597796429
3,YLDs (Years Lived with Disability),31,"Central Europe, Eastern Europe, and Central Asia",2,Female,27,Age-standardized,1014,Osteoarthritis hip,2,Percent,1990,2021,0.1520071727018058,0.1941422698220262,0.0989115725277589
3,YLDs (Years Lived with Disability),31,"Central Europe, Eastern Europe, and Central Asia",3,Both,27,Age-standardized,1014,Osteoarthritis hip,2,Percent,1990,2021,0.1592677016361306,0.1929204461801067,0.1173568066635786
3,YLDs (Years Lived with Disability),31,"Central Europe, Eastern Europe, and Central Asia",1,Male,27,Age-standardized,1014,Osteoarthritis hip,3,Rate,1990,2021,0.0947152692666856,0.1159182625798947,0.0728109777531018
3,YLDs (Years Lived with Disability),31,"Central Europe, Eastern Europe, and Central Asia",2,Female,27,Age-standardized,1014,Osteoarthritis hip,3,Rate,1990,2021,0.1655483936004574,0.1930834869169821,0.1373210526351576
3,YLDs (Years Lived with Disability),31,"Central Europe, Eastern Europe, and Central Asia",3,Both,27,Age-standardized,1014,Osteoarthritis hip,3,Rate,1990,2021,0.1426150778537963,0.1613304336776378,0.1235598015726311
3,YLDs (Years Lived with Disability),64,High-income,1,Male,22,All ages,1014,Osteoarthritis hip,1,Number,1990,2021,1.0526474524486185,1.1162739735569076,0.9920353649762196
3,YLDs (Years Lived with Disability),64,High-income,2,Female,22,All ages,1014,Osteoarthritis hip,1,Number,1990,2021,0.8598242816635888,0.8977733131911312,0.8234130209975794
3,YLDs (Years Lived with Disability),64,High-income,3,Both,22,All ages,1014,Osteoarthritis hip,1,Number,1990,2021,0.9419848328537904,0.9846728058083756,0.9038503727477932
3,YLDs (Years Lived with Disability),64,High-income,1,Male,22,All ages,1014,Osteoarthritis hip,2,Percent,1990,2021,0.3941818707895297,0.4470467670805728,0.3475259960513925
3,YLDs (Years Lived with Disability),64,High-income,2,Female,22,All ages,1014,Osteoarthritis hip,2,Percent,1990,2021,0.2996749584509202,0.3362008927405453,0.268355393159214
3,YLDs (Years Lived with Disability),64,High-income,3,Both,22,All ages,1014,Osteoarthritis hip,2,Percent,1990,2021,0.3404131962116394,0.3751718987679413,0.3062459531272968
3,YLDs (Years Lived with Disability),64,High-income,1,Male,22,All ages,1014,Osteoarthritis hip,3,Rate,1990,2021,0.7017754289557755,0.7545258660183403,0.6515241493046116
3,YLDs (Years Lived with Disability),64,High-income,2,Female,22,All ages,1014,Osteoarthritis hip,3,Rate,1990,2021,0.5551677951371584,0.586900422929008,0.5247210370609194
3,YLDs (Years Lived with Disability),64,High-income,3,Both,22,All ages,1014,Osteoarthritis hip,3,Rate,1990,2021,0.6170668277144392,0.6526125764965206,0.58531273294142
3,YLDs (Years Lived with Disability),64,High-income,1,Male,27,Age-standardized,1014,Osteoarthritis hip,2,Percent,1990,2021,0.1052701661962901,0.1343524775220873,0.0726339620847855
3,YLDs (Years Lived with Disability),64,High-income,2,Female,27,Age-standardized,1014,Osteoarthritis hip,2,Percent,1990,2021,0.0693927947765877,0.0973131645044311,0.0443562125479019
3,YLDs (Years Lived with Disability),64,High-income,3,Both,27,Age-standardized,1014,Osteoarthritis hip,2,Percent,1990,2021,0.0818313258503652,0.1062397459410832,0.0565743621954233
3,YLDs (Years Lived with Disability),64,High-income,1,Male,27,Age-standardized,1014,Osteoarthritis hip,3,Rate,1990,2021,0.1489915604051751,0.1709766082960025,0.1244752898432419
3,YLDs (Years Lived with Disability),64,High-income,2,Female,27,Age-standardized,1014,Osteoarthritis hip,3,Rate,1990,2021,0.1453975913148793,0.1672405308641832,0.1248876165963379
3,YLDs (Years Lived with Disability),64,High-income,3,Both,27,Age-standardized,1014,Osteoarthritis hip,3,Rate,1990,2021,0.1423000051712458,0.1606464863377487,0.1236005048754756
3,YLDs (Years Lived with Disability),137,North Africa and Middle East,1,Male,22,All ages,1014,Osteoarthritis hip,1,Number,1990,2021,2.4807901817326163,2.6614903134862766,2.2977592974863086
3,YLDs (Years Lived with Disability),137,North Africa and Middle East,2,Female,22,All ages,1014,Osteoarthritis hip,1,Number,1990,2021,2.526198099311276,2.7337484920703403,2.3368728871069138
3,YLDs (Years Lived with Disability),137,North Africa and Middle East,3,Both,22,All ages,1014,Osteoarthritis hip,1,Number,1990,2021,2.500950871444348,2.635314847129992,2.3393442040100263
3,YLDs (Years Lived with Disability),137,North Africa and Middle East,1,Male,22,All ages,1014,Osteoarthritis hip,2,Percent,1990,2021,0.6432280292844444,0.7417827300507756,0.543289810385255
3,YLDs (Years Lived with Disability),137,North Africa and Middle East,2,Female,22,All ages,1014,Osteoarthritis hip,2,Percent,1990,2021,0.6129115150517513,0.7246153817076559,0.5196174905357125
3,YLDs (Years Lived with Disability),137,North Africa and Middle East,3,Both,22,All ages,1014,Osteoarthritis hip,2,Percent,1990,2021,0.6243014392561966,0.702447182315462,0.5463451274201612
3,YLDs (Years Lived with Disability),137,North Africa and Middle East,1,Male,22,All ages,1014,Osteoarthritis hip,3,Rate,1990,2021,0.8701066390570704,0.9671904902597286,0.771770556182023
3,YLDs (Years Lived with Disability),137,North Africa and Middle East,2,Female,22,All ages,1014,Osteoarthritis hip,3,Rate,1990,2021,0.947175351697652,1.061785194262807,0.8426294991174277
3,YLDs (Years Lived with Disability),137,North Africa and Middle East,3,Both,22,All ages,1014,Osteoarthritis hip,3,Rate,1990,2021,0.9060896530181196,0.9792440025640508,0.8181030436749757
3,YLDs (Years Lived with Disability),137,North Africa and Middle East,1,Male,27,Age-standardized,1014,Osteoarthritis hip,2,Percent,1990,2021,0.2328438889484171,0.2942098017962374,0.1700220084279138
3,YLDs (Years Lived with Disability),137,North Africa and Middle East,2,Female,27,Age-standardized,1014,Osteoarthritis hip,2,Percent,1990,2021,0.2361836073829211,0.308095285352322,0.1701790313770488
3,YLDs (Years Lived with Disability),137,North Africa and Middle East,3,Both,27,Age-standardized,1014,Osteoarthritis hip,2,Percent,1990,2021,0.2351706367022761,0.287911862665181,0.1801611108890131
3,YLDs (Years Lived with Disability),137,North Africa and Middle East,1,Male,27,Age-standardized,1014,Osteoarthritis hip,3,Rate,1990,2021,0.237600861095451,0.2872916616638147,0.1803815599920094
3,YLDs (Years Lived with Disability),137,North Africa and Middle East,2,Female,27,Age-standardized,1014,Osteoarthritis hip,3,Rate,1990,2021,0.2774350052097267,0.3455700790065668,0.2213049036396626
3,YLDs (Years Lived with Disability),137,North Africa and Middle East,3,Both,27,Age-standardized,1014,Osteoarthritis hip,3,Rate,1990,2021,0.2568141831366999,0.3004983323977087,0.2099293922813874
3,YLDs (Years Lived with Disability),166,Sub-Saharan Africa,1,Male,22,All ages,1014,Osteoarthritis hip,1,Number,1990,2021,1.5030518999493625,1.5716300475788807,1.4386634600073245
3,YLDs (Years Lived with Disability),166,Sub-Saharan Africa,2,Female,22,All ages,1014,Osteoarthritis hip,1,Number,1990,2021,1.688191939255847,1.7686673830767474,1.610690051592289
3,YLDs (Years Lived with Disability),166,Sub-Saharan Africa,3,Both,22,All ages,1014,Osteoarthritis hip,1,Number,1990,2021,1.586380815520375,1.6431014344872727,1.5259233644797474
3,YLDs (Years Lived with Disability),166,Sub-Saharan Africa,1,Male,22,All ages,1014,Osteoarthritis hip,2,Percent,1990,2021,0.2173979021108674,0.2672209809542168,0.1635112516574938
3,YLDs (Years Lived with Disability),166,Sub-Saharan Africa,2,Female,22,All ages,1014,Osteoarthritis hip,2,Percent,1990,2021,0.1985813418608221,0.2469986064923026,0.1427686730631421
3,YLDs (Years Lived with Disability),166,Sub-Saharan Africa,3,Both,22,All ages,1014,Osteoarthritis hip,2,Percent,1990,2021,0.1984348265384114,0.2429978900571096,0.1484545904131561
3,YLDs (Years Lived with Disability),166,Sub-Saharan Africa,1,Male,22,All ages,1014,Osteoarthritis hip,3,Rate,1990,2021,0.0916539694712162,0.1215629006764617,0.0635722920388748
3,YLDs (Years Lived with Disability),166,Sub-Saharan Africa,2,Female,22,All ages,1014,Osteoarthritis hip,3,Rate,1990,2021,0.1591344509806792,0.1938350458409485,0.12571603814527
3,YLDs (Years Lived with Disability),166,Sub-Saharan Africa,3,Both,22,All ages,1014,Osteoarthritis hip,3,Rate,1990,2021,0.1215168227552788,0.1461122450483661,0.0953010203505854
3,YLDs (Years Lived with Disability),166,Sub-Saharan Africa,1,Male,27,Age-standardized,1014,Osteoarthritis hip,2,Percent,1990,2021,0.2097197324436099,0.2457661451550729,0.1675398711791513
3,YLDs (Years Lived with Disability),166,Sub-Saharan Africa,2,Female,27,Age-standardized,1014,Osteoarthritis hip,2,Percent,1990,2021,0.1394783000255007,0.1764612544078176,0.0934822162989209
3,YLDs (Years Lived with Disability),166,Sub-Saharan Africa,3,Both,27,Age-standardized,1014,Osteoarthritis hip,2,Percent,1990,2021,0.163559682532898,0.1961484732973061,0.1212653345750783
3,YLDs (Years Lived with Disability),166,Sub-Saharan Africa,1,Male,27,Age-standardized,1014,Osteoarthritis hip,3,Rate,1990,2021,0.1200687227924232,0.1397761468379241,0.1009370109733612
3,YLDs (Years Lived with Disability),166,Sub-Saharan Africa,2,Female,27,Age-standardized,1014,Osteoarthritis hip,3,Rate,1990,2021,0.0923581318742365,0.1139503874083239,0.0699409425645241
3,YLDs (Years Lived with Disability),166,Sub-Saharan Africa,3,Both,27,Age-standardized,1014,Osteoarthritis hip,3,Rate,1990,2021,0.1011829542597829,0.1166318303376983,0.0853260274685434
3,YLDs (Years Lived with Disability),158,South Asia,1,Male,22,All ages,1014,Osteoarthritis hip,1,Number,1990,2021,2.0014960883530453,2.1458112547172794,1.8717022867359103
3,YLDs (Years Lived with Disability),158,South Asia,2,Female,22,All ages,1014,Osteoarthritis hip,1,Number,1990,2021,2.338417167484188,2.4922728093065216,2.198706273826131
3,YLDs (Years Lived with Disability),158,South Asia,3,Both,22,All ages,1014,Osteoarthritis hip,1,Number,1990,2021,2.193866514901984,2.311304352893709,2.0841715077349496
3,YLDs (Years Lived with Disability),158,South Asia,1,Male,22,All ages,1014,Osteoarthritis hip,2,Percent,1990,2021,0.7595693537137195,0.8527109802746591,0.6584970615183116
3,YLDs (Years Lived with Disability),158,South Asia,2,Female,22,All ages,1014,Osteoarthritis hip,2,Percent,1990,2021,0.7507709189161417,0.8382727054918087,0.6488163575172059
3,YLDs (Years Lived with Disability),158,South Asia,3,Both,22,All ages,1014,Osteoarthritis hip,2,Percent,1990,2021,0.7625060012271967,0.8439153835197171,0.6762110985651305
3,YLDs (Years Lived with Disability),158,South Asia,1,Male,22,All ages,1014,Osteoarthritis hip,3,Rate,1990,2021,0.8127751332767793,0.899935315145724,0.7343852340068744
3,YLDs (Years Lived with Disability),158,South Asia,2,Female,22,All ages,1014,Osteoarthritis hip,3,Rate,1990,2021,0.9357606135402944,1.02497285894553,0.8547501131570916
3,YLDs (Years Lived with Disability),158,South Asia,3,Both,22,All ages,1014,Osteoarthritis hip,3,Rate,1990,2021,0.8911890307312754,0.96072767612127,0.8262351595183292
3,YLDs (Years Lived with Disability),158,South Asia,1,Male,27,Age-standardized,1014,Osteoarthritis hip,2,Percent,1990,2021,0.3755410735006895,0.4361508524209526,0.3127748777401474
3,YLDs (Years Lived with Disability),158,South Asia,2,Female,27,Age-standardized,1014,Osteoarthritis hip,2,Percent,1990,2021,0.3228588080979064,0.375326592967283,0.2609272485464176
3,YLDs (Years Lived with Disability),158,South Asia,3,Both,27,Age-standardized,1014,Osteoarthritis hip,2,Percent,1990,2021,0.3566704123085398,0.4077365058675805,0.2988883470236039
3,YLDs (Years Lived with Disability),158,South Asia,1,Male,27,Age-standardized,1014,Osteoarthritis hip,3,Rate,1990,2021,0.2775600670266189,0.3231633981530778,0.2299620328380044
3,YLDs (Years Lived with Disability),158,South Asia,2,Female,27,Age-standardized,1014,Osteoarthritis hip,3,Rate,1990,2021,0.263516051225256,0.308813558475487,0.2214963109229459
3,YLDs (Years Lived with Disability),158,South Asia,3,Both,27,Age-standardized,1014,Osteoarthritis hip,3,Rate,1990,2021,0.2839711039357263,0.3203611985706531,0.2483189608226992
3,YLDs (Years Lived with Disability),103,Latin America and Caribbean,1,Male,22,All ages,1014,Osteoarthritis hip,1,Number,1990,2021,2.082353544994425,2.1939727117276,1.974456814846224
3,YLDs (Years Lived with Disability),103,Latin America and Caribbean,2,Female,22,All ages,1014,Osteoarthritis hip,1,Number,1990,2021,2.2751462065885897,2.401704640343598,2.150529166150154
3,YLDs (Years Lived with Disability),103,Latin America and Caribbean,3,Both,22,All ages,1014,Osteoarthritis hip,1,Number,1990,2021,2.172302081393628,2.273871762589167,2.0779468620442847
3,YLDs (Years Lived with Disability),103,Latin America and Caribbean,1,Male,22,All ages,1014,Osteoarthritis hip,2,Percent,1990,2021,0.7238889007116751,0.8005412713988341,0.6496713600712805
3,YLDs (Years Lived with Disability),103,Latin America and Caribbean,2,Female,22,All ages,1014,Osteoarthritis hip,2,Percent,1990,2021,0.7099297260437626,0.7862005830285501,0.6235507531698259
3,YLDs (Years Lived with Disability),103,Latin America and Caribbean,3,Both,22,All ages,1014,Osteoarthritis hip,2,Percent,1990,2021,0.7067772338762489,0.7789510788456915,0.635804372677826
3,YLDs (Years Lived with Disability),103,Latin America and Caribbean,1,Male,22,All ages,1014,Osteoarthritis hip,3,Rate,1990,2021,1.042699802695661,1.1166706975117948,0.9711957957191912
3,YLDs (Years Lived with Disability),103,Latin America and Caribbean,2,Female,22,All ages,1014,Osteoarthritis hip,3,Rate,1990,2021,1.1328336502152077,1.2152507605378613,1.0516808098618136
3,YLDs (Years Lived with Disability),103,Latin America and Caribbean,3,Both,22,All ages,1014,Osteoarthritis hip,3,Rate,1990,2021,1.0837190003457136,1.1504348014062558,1.0217420012152774
3,YLDs (Years Lived with Disability),103,Latin America and Caribbean,1,Male,27,Age-standardized,1014,Osteoarthritis hip,2,Percent,1990,2021,0.1962816629234076,0.2357583654695937,0.16040377893605
3,YLDs (Years Lived with Disability),103,Latin America and Caribbean,2,Female,27,Age-standardized,1014,Osteoarthritis hip,2,Percent,1990,2021,0.1333414257796359,0.1709601214870784,0.0907909595589167
3,YLDs (Years Lived with Disability),103,Latin America and Caribbean,3,Both,27,Age-standardized,1014,Osteoarthritis hip,2,Percent,1990,2021,0.1578183603420093,0.1919906201974839,0.1210287158005542
3,YLDs (Years Lived with Disability),103,Latin America and Caribbean,1,Male,27,Age-standardized,1014,Osteoarthritis hip,3,Rate,1990,2021,0.1632412118913454,0.1926262575908696,0.1364257734333549
3,YLDs (Years Lived with Disability),103,Latin America and Caribbean,2,Female,27,Age-standardized,1014,Osteoarthritis hip,3,Rate,1990,2021,0.1473638583368753,0.1780224086846898,0.1196654690678939
3,YLDs (Years Lived with Disability),103,Latin America and Caribbean,3,Both,27,Age-standardized,1014,Osteoarthritis hip,3,Rate,1990,2021,0.1513553263723657,0.1747903978608843,0.129892936411789
3,YLDs (Years Lived with Disability),1,Global,1,Male,22,All ages,1014,Osteoarthritis hip,1,Number,1990,2021,1.3824110221515522,1.4355879381571977,1.3318300905704648
3,YLDs (Years Lived with Disability),1,Global,2,Female,22,All ages,1014,Osteoarthritis hip,1,Number,1990,2021,1.2605434111988123,1.2962668425585893,1.2253374574862863
3,YLDs (Years Lived with Disability),1,Global,3,Both,22,All ages,1014,Osteoarthritis hip,1,Number,1990,2021,1.3171331035801488,1.351289727905408,1.284126737996036
3,YLDs (Years Lived with Disability),1,Global,1,Male,22,All ages,1014,Osteoarthritis hip,2,Percent,1990,2021,0.4540158971983088,0.4928613597564877,0.4065441201451386
3,YLDs (Years Lived with Disability),1,Global,2,Female,22,All ages,1014,Osteoarthritis hip,2,Percent,1990,2021,0.3263023476523092,0.3585005351990632,0.2897529173468892
3,YLDs (Years Lived with Disability),1,Global,3,Both,22,All ages,1014,Osteoarthritis hip,2,Percent,1990,2021,0.3836583356884234,0.4148679208905336,0.3468845980928177
3,YLDs (Years Lived with Disability),1,Global,1,Male,22,All ages,1014,Osteoarthritis hip,3,Rate,1990,2021,0.6160422248979174,0.6521133061915891,0.5817320574038573
3,YLDs (Years Lived with Disability),1,Global,2,Female,22,All ages,1014,Osteoarthritis hip,3,Rate,1990,2021,0.52230587098527,0.5463629136509054,0.4985973105724491
3,YLDs (Years Lived with Disability),1,Global,3,Both,22,All ages,1014,Osteoarthritis hip,3,Rate,1990,2021,0.5661084899625485,0.5891943365466734,0.5438000825239684
3,YLDs (Years Lived with Disability),1,Global,1,Male,27,Age-standardized,1014,Osteoarthritis hip,2,Percent,1990,2021,0.1147231212274514,0.1362956627610656,0.0869257508483206
3,YLDs (Years Lived with Disability),1,Global,2,Female,27,Age-standardized,1014,Osteoarthritis hip,2,Percent,1990,2021,0.0399631070069682,0.0633993643276512,0.0079078561444004
3,YLDs (Years Lived with Disability),1,Global,3,Both,27,Age-standardized,1014,Osteoarthritis hip,2,Percent,1990,2021,0.0711295633427541,0.0932476859997127,0.0422240870550564
3,YLDs (Years Lived with Disability),1,Global,1,Male,27,Age-standardized,1014,Osteoarthritis hip,3,Rate,1990,2021,0.0840067860741721,0.0980632688432076,0.0691077521084813
3,YLDs (Years Lived with Disability),1,Global,2,Female,27,Age-standardized,1014,Osteoarthritis hip,3,Rate,1990,2021,0.0462529979242979,0.0647804895267951,0.0270532498712814
3,YLDs (Years Lived with Disability),1,Global,3,Both,27,Age-standardized,1014,Osteoarthritis hip,3,Rate,1990,2021,0.061161433105206,0.0746794697413699,0.0461553548766974
3,YLDs (Years Lived with Disability),4,"Southeast Asia, East Asia, and Oceania",1,Male,22,All ages,1014,Osteoarthritis hip,1,Number,1990,2021,2.057382124297404,2.215799924209106,1.911578699362514
3,YLDs (Years Lived with Disability),4,"Southeast Asia, East Asia, and Oceania",2,Female,22,All ages,1014,Osteoarthritis hip,1,Number,1990,2021,2.077504514718404,2.2369225943337034,1.927797736013947
3,YLDs (Years Lived with Disability),4,"Southeast Asia, East Asia, and Oceania",3,Both,22,All ages,1014,Osteoarthritis hip,1,Number,1990,2021,2.0666519200550333,2.222459325287086,1.9333080299187408
3,YLDs (Years Lived with Disability),4,"Southeast Asia, East Asia, and Oceania",1,Male,22,All ages,1014,Osteoarthritis hip,2,Percent,1990,2021,0.9264653453140556,1.0332041816904698,0.8300470649370038
3,YLDs (Years Lived with Disability),4,"Southeast Asia, East Asia, and Oceania",2,Female,22,All ages,1014,Osteoarthritis hip,2,Percent,1990,2021,0.903278385914084,1.0091340662876431,0.8035026075658995
3,YLDs (Years Lived with Disability),4,"Southeast Asia, East Asia, and Oceania",3,Both,22,All ages,1014,Osteoarthritis hip,2,Percent,1990,2021,0.912818941778934,1.0125773435246574,0.8213483704909352
3,YLDs (Years Lived with Disability),4,"Southeast Asia, East Asia, and Oceania",1,Male,22,All ages,1014,Osteoarthritis hip,3,Rate,1990,2021,1.373923583732274,1.4969280810454122,1.2607135972241572
3,YLDs (Years Lived with Disability),4,"Southeast Asia, East Asia, and Oceania",2,Female,22,All ages,1014,Osteoarthritis hip,3,Rate,1990,2021,1.3693267827097253,1.4920604859014577,1.2540696714232005
3,YLDs (Years Lived with Disability),4,"Southeast Asia, East Asia, and Oceania",3,Both,22,All ages,1014,Osteoarthritis hip,3,Rate,1990,2021,1.3712043129968832,1.4916781068653695,1.268099814786576
3,YLDs (Years Lived with Disability),4,"Southeast Asia, East Asia, and Oceania",1,Male,27,Age-standardized,1014,Osteoarthritis hip,2,Percent,1990,2021,0.3019650544905138,0.3496358273115892,0.2605940930653318
3,YLDs (Years Lived with Disability),4,"Southeast Asia, East Asia, and Oceania",2,Female,27,Age-standardized,1014,Osteoarthritis hip,2,Percent,1990,2021,0.2773698191328036,0.3230947954765888,0.2327626114978947
3,YLDs (Years Lived with Disability),4,"Southeast Asia, East Asia, and Oceania",3,Both,27,Age-standardized,1014,Osteoarthritis hip,2,Percent,1990,2021,0.2925015666961402,0.3288304787031996,0.2555805424503362
3,YLDs (Years Lived with Disability),4,"Southeast Asia, East Asia, and Oceania",1,Male,27,Age-standardized,1014,Osteoarthritis hip,3,Rate,1990,2021,0.2500682018494689,0.2878269248758263,0.2140545195198384
3,YLDs (Years Lived with Disability),4,"Southeast Asia, East Asia, and Oceania",2,Female,27,Age-standardized,1014,Osteoarthritis hip,3,Rate,1990,2021,0.2221953365475861,0.2619866267096568,0.182736577026617
3,YLDs (Years Lived with Disability),4,"Southeast Asia, East Asia, and Oceania",3,Both,27,Age-standardized,1014,Osteoarthritis hip,3,Rate,1990,2021,0.238470891396735,0.267675420090034,0.2087174469090825
5,Prevalence,1,Global,1,Male,22,All ages,1014,Osteoarthritis hip,1,Number,1990,2021,1.39556181650832,1.4450496730258426,1.3521608574271626
5,Prevalence,1,Global,2,Female,22,All ages,1014,Osteoarthritis hip,1,Number,1990,2021,1.275432692648048,1.3019100242047883,1.2406054632394152
5,Prevalence,1,Global,3,Both,22,All ages,1014,Osteoarthritis hip,1,Number,1990,2021,1.3307304458158642,1.3612902388236088,1.2990788272826
5,Prevalence,1,Global,1,Male,22,All ages,1014,Osteoarthritis hip,2,Percent,1990,2021,0.6458083693660367,0.6801417394971447,0.6163860415384026
5,Prevalence,1,Global,2,Female,22,All ages,1014,Osteoarthritis hip,2,Percent,1990,2021,0.5379630725381848,0.5567098199649462,0.5144740259497403
5,Prevalence,1,Global,3,Both,22,All ages,1014,Osteoarthritis hip,2,Percent,1990,2021,0.5882127781528258,0.6096792801301174,0.5664479672347622
5,Prevalence,1,Global,1,Male,22,All ages,1014,Osteoarthritis hip,3,Rate,1990,2021,0.6249627003212931,0.6585314107614338,0.5955228673856325
5,Prevalence,1,Global,2,Female,22,All ages,1014,Osteoarthritis hip,3,Rate,1990,2021,0.5323326815533121,0.550163171813826,0.5088791634583882
5,Prevalence,1,Global,3,Both,22,All ages,1014,Osteoarthritis hip,3,Rate,1990,2021,0.5752986884381449,0.5959535015807229,0.5539059301069948
5,Prevalence,1,Global,1,Male,27,Age-standardized,1014,Osteoarthritis hip,2,Percent,1990,2021,0.1060675097385267,0.1180351011361822,0.0940529049990114
5,Prevalence,1,Global,2,Female,27,Age-standardized,1014,Osteoarthritis hip,2,Percent,1990,2021,0.0591233999775108,0.0748277144449043,0.0412174570478176
5,Prevalence,1,Global,3,Both,27,Age-standardized,1014,Osteoarthritis hip,2,Percent,1990,2021,0.0784657640034087,0.0905552134909329,0.0642611777315922
5,Prevalence,1,Global,1,Male,27,Age-standardized,1014,Osteoarthritis hip,3,Rate,1990,2021,0.0837769969257842,0.0949781169881567,0.0720697955282683
5,Prevalence,1,Global,2,Female,27,Age-standardized,1014,Osteoarthritis hip,3,Rate,1990,2021,0.0487273398311386,0.0639235535734845,0.0312635181013391
5,Prevalence,1,Global,3,Both,27,Age-standardized,1014,Osteoarthritis hip,3,Rate,1990,2021,0.0621615849103881,0.0734564092010706,0.0488313365879777
5,Prevalence,31,"Central Europe, Eastern Europe, and Central Asia",1,Male,22,All ages,1014,Osteoarthritis hip,1,Number,1990,2021,0.5857509438716,0.6314160805772626,0.5445227840274428
5,Prevalence,31,"Central Europe, Eastern Europe, and Central Asia",2,Female,22,All ages,1014,Osteoarthritis hip,1,Number,1990,2021,0.5690586434475612,0.6044482355797363,0.5358617405544897
5,Prevalence,31,"Central Europe, Eastern Europe, and Central Asia",3,Both,22,All ages,1014,Osteoarthritis hip,1,Number,1990,2021,0.5768102380257719,0.6108629527931423,0.5449528319814165
5,Prevalence,31,"Central Europe, Eastern Europe, and Central Asia",1,Male,22,All ages,1014,Osteoarthritis hip,2,Percent,1990,2021,0.6040867208218884,0.6522805655414861,0.5614490868102772
5,Prevalence,31,"Central Europe, Eastern Europe, and Central Asia",2,Female,22,All ages,1014,Osteoarthritis hip,2,Percent,1990,2021,0.5819643053732688,0.6182031242355817,0.5487209918656598
5,Prevalence,31,"Central Europe, Eastern Europe, and Central Asia",3,Both,22,All ages,1014,Osteoarthritis hip,2,Percent,1990,2021,0.592267616791398,0.6271920598226868,0.560148165709023
5,Prevalence,31,"Central Europe, Eastern Europe, and Central Asia",1,Male,22,All ages,1014,Osteoarthritis hip,3,Rate,1990,2021,0.5950129840802147,0.6409448413159462,0.553544019161545
5,Prevalence,31,"Central Europe, Eastern Europe, and Central Asia",2,Female,22,All ages,1014,Osteoarthritis hip,3,Rate,1990,2021,0.5827049427142267,0.6184023225554066,0.5492193222047059
5,Prevalence,31,"Central Europe, Eastern Europe, and Central Asia",3,Both,22,All ages,1014,Osteoarthritis hip,3,Rate,1990,2021,0.588369320249572,0.6226716643765476,0.5562783779387555
5,Prevalence,31,"Central Europe, Eastern Europe, and Central Asia",1,Male,27,Age-standardized,1014,Osteoarthritis hip,2,Percent,1990,2021,0.1136313522590915,0.1292001262359674,0.098420498924067
5,Prevalence,31,"Central Europe, Eastern Europe, and Central Asia",2,Female,27,Age-standardized,1014,Osteoarthritis hip,2,Percent,1990,2021,0.1777025844018824,0.1950900257030635,0.1584209673398321
5,Prevalence,31,"Central Europe, Eastern Europe, and Central Asia",3,Both,27,Age-standardized,1014,Osteoarthritis hip,2,Percent,1990,2021,0.1590846869738299,0.1714611298721678,0.1467021874356735
5,Prevalence,31,"Central Europe, Eastern Europe, and Central Asia",1,Male,27,Age-standardized,1014,Osteoarthritis hip,3,Rate,1990,2021,0.0907041036314247,0.1060775354291613,0.0760347982452256
5,Prevalence,31,"Central Europe, Eastern Europe, and Central Asia",2,Female,27,Age-standardized,1014,Osteoarthritis hip,3,Rate,1990,2021,0.1653515867196597,0.1821246877409415,0.1460406329159997
5,Prevalence,31,"Central Europe, Eastern Europe, and Central Asia",3,Both,27,Age-standardized,1014,Osteoarthritis hip,3,Rate,1990,2021,0.1408874032931321,0.1523768969526904,0.1288295538958417
5,Prevalence,64,High-income,1,Male,22,All ages,1014,Osteoarthritis hip,1,Number,1990,2021,1.0731985200336196,1.1334883366491646,1.016930518233747
5,Prevalence,64,High-income,2,Female,22,All ages,1014,Osteoarthritis hip,1,Number,1990,2021,0.8781276167260114,0.909827381778156,0.8511849269880929
5,Prevalence,64,High-income,3,Both,22,All ages,1014,Osteoarthritis hip,1,Number,1990,2021,0.9604726751027368,1.000461849869823,0.927391958477364
5,Prevalence,64,High-income,1,Male,22,All ages,1014,Osteoarthritis hip,2,Percent,1990,2021,0.707215646726194,0.7563102321080566,0.6606623460802286
5,Prevalence,64,High-income,2,Female,22,All ages,1014,Osteoarthritis hip,2,Percent,1990,2021,0.5610071470648771,0.5881497227451364,0.538499881443965
5,Prevalence,64,High-income,3,Both,22,All ages,1014,Osteoarthritis hip,2,Percent,1990,2021,0.6221576302143624,0.6556557417841871,0.5941278377173983
5,Prevalence,64,High-income,1,Male,22,All ages,1014,Osteoarthritis hip,3,Rate,1990,2021,0.7188135724583283,0.7687976690503612,0.6721638164151083
5,Prevalence,64,High-income,2,Female,22,All ages,1014,Osteoarthritis hip,3,Rate,1990,2021,0.5704728739627873,0.5969799231547748,0.5479436469772663
5,Prevalence,64,High-income,3,Both,22,All ages,1014,Osteoarthritis hip,3,Rate,1990,2021,0.6324614260197512,0.665759918824405,0.6049155211357757
5,Prevalence,64,High-income,1,Male,27,Age-standardized,1014,Osteoarthritis hip,2,Percent,1990,2021,0.1671722270699626,0.1838687502887141,0.1475299421616306
5,Prevalence,64,High-income,2,Female,27,Age-standardized,1014,Osteoarthritis hip,2,Percent,1990,2021,0.1568611203716522,0.1725637279714517,0.140705223560529
5,Prevalence,64,High-income,3,Both,27,Age-standardized,1014,Osteoarthritis hip,2,Percent,1990,2021,0.1569379100038304,0.1727355018436051,0.1418641992883645
5,Prevalence,64,High-income,1,Male,27,Age-standardized,1014,Osteoarthritis hip,3,Rate,1990,2021,0.1507691012751378,0.1661893899554569,0.1312257784196991
5,Prevalence,64,High-income,2,Female,27,Age-standardized,1014,Osteoarthritis hip,3,Rate,1990,2021,0.1502666635479421,0.1662340364784794,0.1347109872347024
5,Prevalence,64,High-income,3,Both,27,Age-standardized,1014,Osteoarthritis hip,3,Rate,1990,2021,0.1454564219321848,0.1611592702361398,0.1310583122076805
5,Prevalence,137,North Africa and Middle East,1,Male,22,All ages,1014,Osteoarthritis hip,1,Number,1990,2021,2.4985351964683398,2.6033663259819435,2.3878007687906706
5,Prevalence,137,North Africa and Middle East,2,Female,22,All ages,1014,Osteoarthritis hip,1,Number,1990,2021,2.55629349773871,2.674529160250529,2.4482623339417526
5,Prevalence,137,North Africa and Middle East,3,Both,22,All ages,1014,Osteoarthritis hip,1,Number,1990,2021,2.524391540074106,2.6135657788037028,2.426745859660505
5,Prevalence,137,North Africa and Middle East,1,Male,22,All ages,1014,Osteoarthritis hip,2,Percent,1990,2021,0.8981720605497084,0.9549923825219382,0.8388814726287959
5,Prevalence,137,North Africa and Middle East,2,Female,22,All ages,1014,Osteoarthritis hip,2,Percent,1990,2021,0.9637846051413632,1.028262217435806,0.9026548944303888
5,Prevalence,137,North Africa and Middle East,3,Both,22,All ages,1014,Osteoarthritis hip,2,Percent,1990,2021,0.9287434832878334,0.9765795894492196,0.8765974900836682
5,Prevalence,137,North Africa and Middle East,1,Male,22,All ages,1014,Osteoarthritis hip,3,Rate,1990,2021,0.8796404138997997,0.9359625077485229,0.8201466847290577
5,Prevalence,137,North Africa and Middle East,2,Female,22,All ages,1014,Osteoarthritis hip,3,Rate,1990,2021,0.9637941054848692,1.029084132094444,0.9041390284199352
5,Prevalence,137,North Africa and Middle East,3,Both,22,All ages,1014,Osteoarthritis hip,3,Rate,1990,2021,0.9188519046393624,0.9674027412548284,0.8656887989767348
5,Prevalence,137,North Africa and Middle East,1,Male,27,Age-standardized,1014,Osteoarthritis hip,2,Percent,1990,2021,0.2699024929334263,0.3016037350185073,0.2371729104026814
5,Prevalence,137,North Africa and Middle East,2,Female,27,Age-standardized,1014,Osteoarthritis hip,2,Percent,1990,2021,0.2984921520553991,0.3364405521757334,0.2629597222899967
5,Prevalence,137,North Africa and Middle East,3,Both,27,Age-standardized,1014,Osteoarthritis hip,2,Percent,1990,2021,0.2837211292635032,0.3108690935036531,0.2527463655864678
5,Prevalence,137,North Africa and Middle East,1,Male,27,Age-standardized,1014,Osteoarthritis hip,3,Rate,1990,2021,0.2430229994301472,0.27404359386997,0.2100909895647079
5,Prevalence,137,North Africa and Middle East,2,Female,27,Age-standardized,1014,Osteoarthritis hip,3,Rate,1990,2021,0.2871301556605381,0.3252258475267728,0.2522971021417476
5,Prevalence,137,North Africa and Middle East,3,Both,27,Age-standardized,1014,Osteoarthritis hip,3,Rate,1990,2021,0.2642333142878557,0.2902927778556633,0.2346250274126659
5,Prevalence,166,Sub-Saharan Africa,1,Male,22,All ages,1014,Osteoarthritis hip,1,Number,1990,2021,1.4942162231944842,1.5503719609929782,1.4474991859352615
5,Prevalence,166,Sub-Saharan Africa,2,Female,22,All ages,1014,Osteoarthritis hip,1,Number,1990,2021,1.6814664830099182,1.7260181967965194,1.623991764521142
5,Prevalence,166,Sub-Saharan Africa,3,Both,22,All ages,1014,Osteoarthritis hip,1,Number,1990,2021,1.5792404283157495,1.6237450339173036,1.5325504577532456
5,Prevalence,166,Sub-Saharan Africa,1,Male,22,All ages,1014,Osteoarthritis hip,2,Percent,1990,2021,0.1109727122490484,0.1351683994192423,0.0903087138743622
5,Prevalence,166,Sub-Saharan Africa,2,Female,22,All ages,1014,Osteoarthritis hip,2,Percent,1990,2021,0.1699058862806983,0.1901927501962958,0.145514254754203
5,Prevalence,166,Sub-Saharan Africa,3,Both,22,All ages,1014,Osteoarthritis hip,2,Percent,1990,2021,0.1368328078593229,0.1572324220926254,0.1161244234556447
5,Prevalence,166,Sub-Saharan Africa,1,Male,22,All ages,1014,Osteoarthritis hip,3,Rate,1990,2021,0.0878004730244887,0.1122916288321451,0.0674258099314073
5,Prevalence,166,Sub-Saharan Africa,2,Female,22,All ages,1014,Osteoarthritis hip,3,Rate,1990,2021,0.1562344690562549,0.1754449374555369,0.131451667914756
5,Prevalence,166,Sub-Saharan Africa,3,Both,22,All ages,1014,Osteoarthritis hip,3,Rate,1990,2021,0.1184205794167395,0.1377188449980171,0.0981746871159728
5,Prevalence,166,Sub-Saharan Africa,1,Male,27,Age-standardized,1014,Osteoarthritis hip,2,Percent,1990,2021,0.1339485102225175,0.1466275003043541,0.1198028469946174
5,Prevalence,166,Sub-Saharan Africa,2,Female,27,Age-standardized,1014,Osteoarthritis hip,2,Percent,1990,2021,0.100698722442532,0.1123869404538039,0.0866674077863227
5,Prevalence,166,Sub-Saharan Africa,3,Both,27,Age-standardized,1014,Osteoarthritis hip,2,Percent,1990,2021,0.1125143897469413,0.1216973275037843,0.101732835118923
5,Prevalence,166,Sub-Saharan Africa,1,Male,27,Age-standardized,1014,Osteoarthritis hip,3,Rate,1990,2021,0.1168942732216499,0.1293468877993733,0.1023896521987055
5,Prevalence,166,Sub-Saharan Africa,2,Female,27,Age-standardized,1014,Osteoarthritis hip,3,Rate,1990,2021,0.0911308553750397,0.1022680887670787,0.0771316822991138
5,Prevalence,166,Sub-Saharan Africa,3,Both,27,Age-standardized,1014,Osteoarthritis hip,3,Rate,1990,2021,0.0993390648963308,0.1079596320296119,0.0884043618533134
5,Prevalence,103,Latin America and Caribbean,1,Male,22,All ages,1014,Osteoarthritis hip,1,Number,1990,2021,2.100752339646432,2.1832486185637587,2.017007333504361
5,Prevalence,103,Latin America and Caribbean,2,Female,22,All ages,1014,Osteoarthritis hip,1,Number,1990,2021,2.302870339544792,2.405379497587951,2.203470668467697
5,Prevalence,103,Latin America and Caribbean,3,Both,22,All ages,1014,Osteoarthritis hip,1,Number,1990,2021,2.195529493723519,2.2832042653654376,2.104318554173743
5,Prevalence,103,Latin America and Caribbean,1,Male,22,All ages,1014,Osteoarthritis hip,2,Percent,1990,2021,1.077759148297901,1.135294272343324,1.025923816866575
5,Prevalence,103,Latin America and Caribbean,2,Female,22,All ages,1014,Osteoarthritis hip,2,Percent,1990,2021,1.155230595859812,1.2223386201167274,1.090028126523361
5,Prevalence,103,Latin America and Caribbean,3,Both,22,All ages,1014,Osteoarthritis hip,2,Percent,1990,2021,1.1123497426109032,1.1688129268305143,1.054753061672132
5,Prevalence,103,Latin America and Caribbean,1,Male,22,All ages,1014,Osteoarthritis hip,3,Rate,1990,2021,1.0548928278165275,1.1095637570943198,0.9993943572400534
5,Prevalence,103,Latin America and Caribbean,2,Female,22,All ages,1014,Osteoarthritis hip,3,Rate,1990,2021,1.1508881002953604,1.2176438931481628,1.0861572608393757
5,Prevalence,103,Latin America and Caribbean,3,Both,22,All ages,1014,Osteoarthritis hip,3,Rate,1990,2021,1.0989758703280912,1.1565648334324463,1.0390641838295127
5,Prevalence,103,Latin America and Caribbean,1,Male,27,Age-standardized,1014,Osteoarthritis hip,2,Percent,1990,2021,0.1917258201051911,0.2102475087718926,0.1727279217358
5,Prevalence,103,Latin America and Caribbean,2,Female,27,Age-standardized,1014,Osteoarthritis hip,2,Percent,1990,2021,0.1628177521745696,0.1810584253892931,0.1440291020119732
5,Prevalence,103,Latin America and Caribbean,3,Both,27,Age-standardized,1014,Osteoarthritis hip,2,Percent,1990,2021,0.1732708724985634,0.1870650585168349,0.1580497744287965
5,Prevalence,103,Latin America and Caribbean,1,Male,27,Age-standardized,1014,Osteoarthritis hip,3,Rate,1990,2021,0.1636549104002477,0.1807039253154532,0.1467004678308838
5,Prevalence,103,Latin America and Caribbean,2,Female,27,Age-standardized,1014,Osteoarthritis hip,3,Rate,1990,2021,0.1488000688238221,0.1666488852238832,0.1309299106535849
5,Prevalence,103,Latin America and Caribbean,3,Both,27,Age-standardized,1014,Osteoarthritis hip,3,Rate,1990,2021,0.1522546398490626,0.1656041176540136,0.1374124279127674
5,Prevalence,158,South Asia,1,Male,22,All ages,1014,Osteoarthritis hip,1,Number,1990,2021,2.003455587239143,2.1129985708687737,1.9102265483537852
5,Prevalence,158,South Asia,2,Female,22,All ages,1014,Osteoarthritis hip,1,Number,1990,2021,2.355356010840096,2.4612212531213093,2.2421673919121767
5,Prevalence,158,South Asia,3,Both,22,All ages,1014,Osteoarthritis hip,1,Number,1990,2021,2.205839029710599,2.305922314471977,2.1141011215974057
5,Prevalence,158,South Asia,1,Male,22,All ages,1014,Osteoarthritis hip,2,Percent,1990,2021,0.8552466683245671,0.9222522624523362,0.7966150389819484
5,Prevalence,158,South Asia,2,Female,22,All ages,1014,Osteoarthritis hip,2,Percent,1990,2021,0.962894895194522,1.0246205376071935,0.8961609185842013
5,Prevalence,158,South Asia,3,Both,22,All ages,1014,Osteoarthritis hip,2,Percent,1990,2021,0.9283933311371234,0.9879710918072429,0.8739724364248397
5,Prevalence,158,South Asia,1,Male,22,All ages,1014,Osteoarthritis hip,3,Rate,1990,2021,0.8139585867112754,0.8801178589219903,0.7576522386715556
5,Prevalence,158,South Asia,2,Female,22,All ages,1014,Osteoarthritis hip,3,Rate,1990,2021,0.945582497433858,1.0069678055214355,0.8799507745456114
5,Prevalence,158,South Asia,3,Both,22,All ages,1014,Osteoarthritis hip,3,Rate,1990,2021,0.8982783341103224,0.9575408015356656,0.843957427235719
5,Prevalence,158,South Asia,1,Male,27,Age-standardized,1014,Osteoarthritis hip,2,Percent,1990,2021,0.3013556485512216,0.3336027880835372,0.2725516521109681
5,Prevalence,158,South Asia,2,Female,27,Age-standardized,1014,Osteoarthritis hip,2,Percent,1990,2021,0.2757176685660881,0.3045238252764755,0.2480409194537699
5,Prevalence,158,South Asia,3,Both,27,Age-standardized,1014,Osteoarthritis hip,2,Percent,1990,2021,0.3035026520135871,0.3280772219864122,0.2785730081951341
5,Prevalence,158,South Asia,1,Male,27,Age-standardized,1014,Osteoarthritis hip,3,Rate,1990,2021,0.2713611717070478,0.3026909240598927,0.2427098507269475
5,Prevalence,158,South Asia,2,Female,27,Age-standardized,1014,Osteoarthritis hip,3,Rate,1990,2021,0.2610063916696719,0.2892801904242712,0.2341997300419703
5,Prevalence,158,South Asia,3,Both,27,Age-standardized,1014,Osteoarthritis hip,3,Rate,1990,2021,0.2807549520464317,0.3040634194857742,0.2562151187752219
5,Prevalence,4,"Southeast Asia, East Asia, and Oceania",1,Male,22,All ages,1014,Osteoarthritis hip,1,Number,1990,2021,2.088009207196975,2.2316169417383414,1.9484080935852797
5,Prevalence,4,"Southeast Asia, East Asia, and Oceania",2,Female,22,All ages,1014,Osteoarthritis hip,1,Number,1990,2021,2.109008545721728,2.2489485975582726,1.9714936466432524
5,Prevalence,4,"Southeast Asia, East Asia, and Oceania",3,Both,22,All ages,1014,Osteoarthritis hip,1,Number,1990,2021,2.09775848221886,2.229518760876116,1.9730995652321237
5,Prevalence,4,"Southeast Asia, East Asia, and Oceania",1,Male,22,All ages,1014,Osteoarthritis hip,2,Percent,1990,2021,1.4522881312328015,1.5655922130833968,1.3422826507349253
5,Prevalence,4,"Southeast Asia, East Asia, and Oceania",2,Female,22,All ages,1014,Osteoarthritis hip,2,Percent,1990,2021,1.4157978591377365,1.5262599644565351,1.310931173504921
5,Prevalence,4,"Southeast Asia, East Asia, and Oceania",3,Both,22,All ages,1014,Osteoarthritis hip,2,Percent,1990,2021,1.433643861007407,1.5417803750931942,1.3334522991708857
5,Prevalence,4,"Southeast Asia, East Asia, and Oceania",1,Male,22,All ages,1014,Osteoarthritis hip,3,Rate,1990,2021,1.3977041749179229,1.5092093038073815,1.2893100120540788
5,Prevalence,4,"Southeast Asia, East Asia, and Oceania",2,Female,22,All ages,1014,Osteoarthritis hip,3,Rate,1990,2021,1.3935812863383945,1.5013191340667655,1.2877105290901067
5,Prevalence,4,"Southeast Asia, East Asia, and Oceania",3,Both,22,All ages,1014,Osteoarthritis hip,3,Rate,1990,2021,1.395256607254027,1.497136621412313,1.2988675258328848
5,Prevalence,4,"Southeast Asia, East Asia, and Oceania",1,Male,27,Age-standardized,1014,Osteoarthritis hip,2,Percent,1990,2021,0.3056590318572398,0.3322312381687318,0.2768253883533097
5,Prevalence,4,"Southeast Asia, East Asia, and Oceania",2,Female,27,Age-standardized,1014,Osteoarthritis hip,2,Percent,1990,2021,0.2533507878010116,0.2796785893070189,0.2262081965074562
5,Prevalence,4,"Southeast Asia, East Asia, and Oceania",3,Both,27,Age-standardized,1014,Osteoarthritis hip,2,Percent,1990,2021,0.2825069219055577,0.3064480558260821,0.2588590413409735
5,Prevalence,4,"Southeast Asia, East Asia, and Oceania",1,Male,27,Age-standardized,1014,Osteoarthritis hip,3,Rate,1990,2021,0.2519451970343344,0.2765727335608712,0.2230253863002591
5,Prevalence,4,"Southeast Asia, East Asia, and Oceania",2,Female,27,Age-standardized,1014,Osteoarthritis hip,3,Rate,1990,2021,0.2240727733499431,0.2493689986003173,0.1985039157183072
5,Prevalence,4,"Southeast Asia, East Asia, and Oceania",3,Both,27,Age-standardized,1014,Osteoarthritis hip,3,Rate,1990,2021,0.2405363570813284,0.2630621304647826,0.2182712686139624
