﻿Rank,Country
1,Global
2,Andean Latin America
3,Bolivia (Plurinational State of)
4,Ecuador
5,Peru
6,Australasia
7,Australia
8,New Zealand
9,Caribbean
10,Antigua and Barbuda
11,Bahamas
12,Barbados
13,Belize
14,Bermuda
15,Cuba
16,Dominica
17,Dominican Republic
18,Grenada
19,Guyana
20,Haiti
21,Jamaica
22,Puerto Rico
23,Saint Kitts and Nevis
24,Saint Lucia
25,Saint Vincent and the Grenadines
26,Suriname
27,Trinidad and Tobago
28,United States Virgin Islands
29,Central Asia
30,Armenia
31,Azerbaijan
32,Georgia
33,Kazakhstan
34,Kyrgyzstan
35,Mongolia
36,Tajikistan
37,Turkmenistan
38,Uzbekistan
39,Central Europe
40,Albania
41,Bosnia and Herzegovina
42,Bulgaria
43,Croatia
44,Czechia
45,Hungary
46,Montenegro
47,North Macedonia
48,Poland
49,Romania
50,Serbia
51,Slovakia
52,Slovenia
53,Central Latin America
54,Colombia
55,Costa Rica
56,El Salvador
57,Guatemala
58,Honduras
59,Mexico
60,Nicaragua
61,Panama
62,Venezuela (Bolivarian Republic of)
63,Central Sub-Saharan Africa
64,Angola
65,Central African Republic
66,Congo
67,Democratic Republic of the Congo
68,Equatorial Guinea
69,Gabon
70,East Asia
71,China
72,Democratic People's Republic of Korea
73,Taiwan (Province of China)
74,Eastern Europe
75,Belarus
76,Estonia
77,Latvia
78,Lithuania
79,Republic of Moldova
80,Russian Federation
81,Ukraine
82,Eastern Sub-Saharan Africa
83,Burundi
84,Comoros
85,Djibouti
86,Eritrea
87,Ethiopia
88,Kenya
89,Madagascar
90,Malawi
91,Mozambique
92,Rwanda
93,Somalia
94,South Sudan
95,Uganda
96,United Republic of Tanzania
97,Zambia
98,High-income Asia Pacific
99,Brunei Darussalam
100,Japan
101,Republic of Korea
102,Singapore
103,High-income North America
104,Canada
105,Greenland
106,United States of America
107,North Africa and Middle East
108,Afghanistan
109,Algeria
110,Bahrain
111,Egypt
112,Iran (Islamic Republic of)
113,Iraq
114,Jordan
115,Kuwait
116,Lebanon
117,Libya
118,Morocco
119,Oman
120,Palestine
121,Qatar
122,Saudi Arabia
123,Sudan
124,Syrian Arab Republic
125,Tunisia
126,Turkey
127,United Arab Emirates
128,Yemen
129,Oceania
130,American Samoa
131,Cook Islands
132,Fiji
133,Guam
134,Kiribati
135,Marshall Islands
136,Micronesia (Federated States of)
137,Nauru
138,Niue
139,Northern Mariana Islands
140,Palau
141,Papua New Guinea
142,Samoa
143,Solomon Islands
144,Tokelau
145,Tonga
146,Tuvalu
147,Vanuatu
148,South Asia
149,Bangladesh
150,Bhutan
151,India
152,Nepal
153,Pakistan
154,Southeast Asia
155,Cambodia
156,Indonesia
157,Lao People's Democratic Republic
158,Malaysia
159,Maldives
160,Mauritius
161,Myanmar
162,Philippines
163,Seychelles
164,Sri Lanka
165,Thailand
166,Timor-Leste
167,Viet Nam
168,Southern Latin America
169,Uruguay
170,Argentina
171,Chile
172,Southern Sub-Saharan Africa
173,Botswana
174,Eswatini
175,Lesotho
176,Namibia
177,South Africa
178,Zimbabwe
179,Tropical Latin America
180,Brazil
181,Paraguay
182,Western Europe
183,Andorra
184,Austria
185,Belgium
186,Cyprus
187,Denmark
188,Finland
189,France
190,Germany
191,Greece
192,Iceland
193,Ireland
194,Israel
195,Italy
196,Luxembourg
197,Malta
198,Monaco
199,Netherlands
200,Norway
201,Portugal
202,San Marino
203,Spain
204,Sweden
205,Switzerland
206,United Kingdom
207,Western Sub-Saharan Africa
208,Benin
209,Burkina Faso
210,Cabo Verde
211,Cameroon
212,Chad
213,Côte d'Ivoire
214,Gambia
215,Ghana
216,Guinea
217,Guinea-Bissau
218,Liberia
219,Mali
220,Mauritania
221,Niger
222,Nigeria
223,Sao Tome and Principe
224,Senegal
225,Sierra Leone
226,Togo