,Location,location_id
1,Global,1
2,Central Asia,32
3,Armenia,33
4,Azerbaijan,34
5,Georgia,35
6,Kazakhstan,36
7,Kyrgyzstan,37
8,Mongolia,38
9,Tajikistan,39
10,Turkmenistan,40
11,Uzbekistan,41
12,Central Europe,42
13,Albania,43
14,Bosnia and Herzegovina,44
15,Bulgaria,45
16,Croatia,46
17,Czechia,47
18,Hungary,48
19,Montenegro,50
20,North Macedonia,49
21,Poland,51
22,Romania,52
23,Serbia,53
24,Slovakia,54
25,Slovenia,55
26,Eastern Europe,56
27,Belarus,57
28,Estonia,58
29,Latvia,59
30,Lithuania,60
31,Moldova,61
32,Russia,62
33,Ukraine,63
34,Australasia,70
35,Australia,71
36,New Zealand,72
37,High-income Asia Pacific,65
38,Brunei,66
39,Japan,67
40,South Korea,68
41,Singapore,69
42,High-income North America,100
43,Canada,101
44,Greenland,349
45,USA,102
46,Southern Latin America,96
47,Argentina,97
48,Chile,98
49,Uruguay,99
50,Western Europe,73
51,Andorra,74
52,Austria,75
53,Belgium,76
54,Cyprus,77
55,Denmark,78
56,Finland,79
57,France,80
58,Germany,81
59,Greece,82
60,Iceland,83
61,Ireland,84
62,Israel,85
63,Italy,86
64,Luxembourg,87
65,Malta,88
66,Monaco,367
67,Netherlands,89
68,Norway,90
69,Portugal,91
70,San Marino,396
71,Spain,92
72,Sweden,93
73,Switzerland,94
74,UK,95
75,Andean Latin America,120
76,Bolivia,121
77,Ecuador,122
78,Peru,123
79,Caribbean,104
80,Antigua and Barbuda,105
81,The Bahamas,106
82,Barbados,107
83,Belize,108
84,Bermuda,305
85,Cuba,109
86,Dominica,110
87,Dominican Republic,111
88,Grenada,112
89,Guyana,113
90,Haiti,114
91,Jamaica,115
92,Puerto Rico,385
93,Saint Kitts and Nevis,393
94,Saint Lucia,116
95,Saint Vincent and the Grenadines,117
96,Suriname,118
97,Trinidad and Tobago,119
98,Virgin Islands,422
99,Central Latin America,124
100,Colombia,125
101,Costa Rica,126
102,El Salvador,127
103,Guatemala,128
104,Honduras,129
105,Mexico,130
106,Nicaragua,131
107,Panama,132
108,Venezuela,133
109,Tropical Latin America,134
110,Brazil,135
111,Paraguay,136
112,North Africa and Middle East,138
113,Afghanistan,160
114,Algeria,139
115,Bahrain,140
116,Egypt,141
117,Iran,142
118,Iraq,143
119,Jordan,144
120,Kuwait,145
121,Lebanon,146
122,Libya,147
123,Morocco,148
124,Oman,150
125,Palestine,149
126,Qatar,151
127,Saudi Arabia,152
128,Sudan,522
129,Syria,153
130,Tunisia,154
131,Türkiye,155
132,United Arab Emirates,156
133,Yemen,157
134,South Asia,159
135,Bangladesh,161
136,Bhutan,162
137,India,163
138,Nepal,164
139,Pakistan,165
140,East Asia,5
141,China,6
142,North Korea,7
143,Taiwan (province of China),8
144,Oceania,21
145,American Samoa,298
146,Cook Islands,320
147,Fiji,22
148,Guam,351
149,Kiribati,23
150,Marshall Islands,24
151,Federated States of Micronesia,25
152,Nauru,369
153,Niue,374
154,Northern Mariana Islands,376
155,Palau,380
156,Papua New Guinea,26
157,Samoa,27
158,Solomon Islands,28
159,Tokelau,413
160,Tonga,29
161,Tuvalu,416
162,Vanuatu,30
163,Southeast Asia,9
164,Cambodia,10
165,Indonesia,11
166,Laos,12
167,Malaysia,13
168,Maldives,14
169,Mauritius,183
170,Myanmar,15
171,Philippines,16
172,Seychelles,186
173,Sri Lanka,17
174,Thailand,18
175,Timor-Leste,19
176,Viet Nam,20
177,Central Sub-Saharan Africa,167
178,Angola,168
179,Central African Republic,169
180,Congo (Brazzaville),170
181,DR Congo,171
182,Equatorial Guinea,172
183,Gabon,173
184,Eastern Sub-Saharan Africa,174
185,Burundi,175
186,Comoros,176
187,Djibouti,177
188,Eritrea,178
189,Ethiopia,179
190,Kenya,180
191,Madagascar,181
192,Malawi,182
193,Mozambique,184
194,Rwanda,185
195,Somalia,187
196,South Sudan,435
197,Uganda,190
198,Tanzania,189
199,Zambia,191
200,Southern Sub-Saharan Africa,192
201,Botswana,193
202,Eswatini,197
203,Lesotho,194
204,Namibia,195
205,South Africa,196
206,Zimbabwe,198
207,Western Sub-Saharan Africa,199
208,Benin,200
209,Burkina Faso,201
210,Cabo Verde,203
211,Cameroon,202
212,Chad,204
213,Côte d'Ivoire,205
214,The Gambia,206
215,Ghana,207
216,Guinea,208
217,Guinea-Bissau,209
218,Liberia,210
219,Mali,211
220,Mauritania,212
221,Niger,213
222,Nigeria,214
223,São Tomé and Príncipe,215
224,Senegal,216
225,Sierra Leone,217
226,Togo,218