﻿measure_name,metric_name,rei_name,cause_name,location_name,age_name,sex_name,year_start,year_end,val,upper,lower,,,,,,,
DALYs (Disability-Adjusted Life Years),Number,High body-mass index,Osteoarthritis hip,Southeast Asia,All ages,Males,1990,2021,3.91,4.4,3.48,,,,,,,
DALYs (Disability-Adjusted Life Years),Number,High body-mass index,Osteoarthritis hip,Southeast Asia,All ages,Females,1990,2021,3.82,4.38,3.43,,,,,,,
DALYs (Disability-Adjusted Life Years),Number,High body-mass index,Osteoarthritis hip,Southeast Asia,All ages,Both sexes,1990,2021,3.86,4.3,3.53,,,,,,,
DALYs (Disability-Adjusted Life Years),Percent,High body-mass index,Osteoarthritis hip,Southeast Asia,All ages,Males,1990,2021,63.75,78.4,51.37,,,,,,,
DALYs (Disability-Adjusted Life Years),Percent,High body-mass index,Osteoarthritis hip,Southeast Asia,All ages,Females,1990,2021,66.76,83.48,55.57,,,,,,,
DALYs (Disability-Adjusted Life Years),Percent,High body-mass index,Osteoarthritis hip,Southeast Asia,All ages,Both sexes,1990,2021,64.96,78.02,55.61,,,,,,,
DALYs (Disability-Adjusted Life Years),Rate,High body-mass index,Osteoarthritis hip,Southeast Asia,All ages,Males,1990,2021,2.25,2.57,1.96,,,,,,,
DALYs (Disability-Adjusted Life Years),Rate,High body-mass index,Osteoarthritis hip,Southeast Asia,All ages,Females,1990,2021,2.24,2.62,1.98,,,,,,,
DALYs (Disability-Adjusted Life Years),Rate,High body-mass index,Osteoarthritis hip,Southeast Asia,All ages,Both sexes,1990,2021,2.24,2.54,2.02,,,,,,,
DALYs (Disability-Adjusted Life Years),Percent,High body-mass index,Osteoarthritis hip,Southeast Asia,Age-standardized,Males,1990,2021,66.21,81.69,51.83,,,,,,,
DALYs (Disability-Adjusted Life Years),Percent,High body-mass index,Osteoarthritis hip,Southeast Asia,Age-standardized,Females,1990,2021,70.43,87.44,58.78,,,,,,,
DALYs (Disability-Adjusted Life Years),Percent,High body-mass index,Osteoarthritis hip,Southeast Asia,Age-standardized,Both sexes,1990,2021,68.34,82.03,57.77,,,,,,,
DALYs (Disability-Adjusted Life Years),Rate,High body-mass index,Osteoarthritis hip,Southeast Asia,Age-standardized,Males,1990,2021,0.95,1.13,0.78,,,,,,,
DALYs (Disability-Adjusted Life Years),Rate,High body-mass index,Osteoarthritis hip,Southeast Asia,Age-standardized,Females,1990,2021,0.92,1.13,0.77,,,,,,,
DALYs (Disability-Adjusted Life Years),Rate,High body-mass index,Osteoarthritis hip,Southeast Asia,Age-standardized,Both sexes,1990,2021,0.94,1.1,0.8,,,,,,,
DALYs (Disability-Adjusted Life Years),Number,High body-mass index,Osteoarthritis hip,Central Europe,All ages,Males,1990,2021,0.8,0.96,0.7,,,,,,,
DALYs (Disability-Adjusted Life Years),Number,High body-mass index,Osteoarthritis hip,Central Europe,All ages,Females,1990,2021,0.92,1.13,0.8,,,,,,,
DALYs (Disability-Adjusted Life Years),Number,High body-mass index,Osteoarthritis hip,Central Europe,All ages,Both sexes,1990,2021,0.86,1.03,0.77,,,,,,,
DALYs (Disability-Adjusted Life Years),Percent,High body-mass index,Osteoarthritis hip,Central Europe,All ages,Males,1990,2021,11.83,20.78,7.16,,,,,,,
DALYs (Disability-Adjusted Life Years),Percent,High body-mass index,Osteoarthritis hip,Central Europe,All ages,Females,1990,2021,12.09,23.82,7.14,,,,,,,
DALYs (Disability-Adjusted Life Years),Percent,High body-mass index,Osteoarthritis hip,Central Europe,All ages,Both sexes,1990,2021,12.04,22.3,7.57,,,,,,,
DALYs (Disability-Adjusted Life Years),Rate,High body-mass index,Osteoarthritis hip,Central Europe,All ages,Males,1990,2021,0.97,1.14,0.86,,,,,,,
DALYs (Disability-Adjusted Life Years),Rate,High body-mass index,Osteoarthritis hip,Central Europe,All ages,Females,1990,2021,1.07,1.3,0.95,,,,,,,
DALYs (Disability-Adjusted Life Years),Rate,High body-mass index,Osteoarthritis hip,Central Europe,All ages,Both sexes,1990,2021,1.02,1.21,0.92,,,,,,,
DALYs (Disability-Adjusted Life Years),Percent,High body-mass index,Osteoarthritis hip,Central Europe,Age-standardized,Males,1990,2021,12.77,22.19,7.58,,,,,,,
DALYs (Disability-Adjusted Life Years),Percent,High body-mass index,Osteoarthritis hip,Central Europe,Age-standardized,Females,1990,2021,12.63,24.61,7.48,,,,,,,
DALYs (Disability-Adjusted Life Years),Percent,High body-mass index,Osteoarthritis hip,Central Europe,Age-standardized,Both sexes,1990,2021,12.57,23.25,7.76,,,,,,,
DALYs (Disability-Adjusted Life Years),Rate,High body-mass index,Osteoarthritis hip,Central Europe,Age-standardized,Males,1990,2021,0.25,0.36,0.18,,,,,,,
DALYs (Disability-Adjusted Life Years),Rate,High body-mass index,Osteoarthritis hip,Central Europe,Age-standardized,Females,1990,2021,0.32,0.47,0.25,,,,,,,
DALYs (Disability-Adjusted Life Years),Rate,High body-mass index,Osteoarthritis hip,Central Europe,Age-standardized,Both sexes,1990,2021,0.29,0.41,0.23,,,,,,,
DALYs (Disability-Adjusted Life Years),Number,High body-mass index,Osteoarthritis hip,Central Asia,All ages,Males,1990,2021,1.49,1.75,1.32,,,,,,,
DALYs (Disability-Adjusted Life Years),Number,High body-mass index,Osteoarthritis hip,Central Asia,All ages,Females,1990,2021,1.11,1.36,0.97,,,,,,,
DALYs (Disability-Adjusted Life Years),Number,High body-mass index,Osteoarthritis hip,Central Asia,All ages,Both sexes,1990,2021,1.27,1.51,1.14,,,,,,,
DALYs (Disability-Adjusted Life Years),Percent,High body-mass index,Osteoarthritis hip,Central Asia,All ages,Males,1990,2021,17.5,26.43,11.99,,,,,,,
DALYs (Disability-Adjusted Life Years),Percent,High body-mass index,Osteoarthritis hip,Central Asia,All ages,Females,1990,2021,12.74,26.19,7.11,,,,,,,
DALYs (Disability-Adjusted Life Years),Percent,High body-mass index,Osteoarthritis hip,Central Asia,All ages,Both sexes,1990,2021,14.16,24.96,9.07,,,,,,,
DALYs (Disability-Adjusted Life Years),Rate,High body-mass index,Osteoarthritis hip,Central Asia,All ages,Males,1990,2021,0.78,0.96,0.66,,,,,,,
DALYs (Disability-Adjusted Life Years),Rate,High body-mass index,Osteoarthritis hip,Central Asia,All ages,Females,1990,2021,0.55,0.73,0.44,,,,,,,
DALYs (Disability-Adjusted Life Years),Rate,High body-mass index,Osteoarthritis hip,Central Asia,All ages,Both sexes,1990,2021,0.64,0.82,0.55,,,,,,,
DALYs (Disability-Adjusted Life Years),Percent,High body-mass index,Osteoarthritis hip,Central Asia,Age-standardized,Males,1990,2021,17.94,26.8,12.48,,,,,,,
DALYs (Disability-Adjusted Life Years),Percent,High body-mass index,Osteoarthritis hip,Central Asia,Age-standardized,Females,1990,2021,12.17,24.88,6.84,,,,,,,
DALYs (Disability-Adjusted Life Years),Percent,High body-mass index,Osteoarthritis hip,Central Asia,Age-standardized,Both sexes,1990,2021,13.58,23.52,8.74,,,,,,,
DALYs (Disability-Adjusted Life Years),Rate,High body-mass index,Osteoarthritis hip,Central Asia,Age-standardized,Males,1990,2021,0.3,0.43,0.22,,,,,,,
DALYs (Disability-Adjusted Life Years),Rate,High body-mass index,Osteoarthritis hip,Central Asia,Age-standardized,Females,1990,2021,0.25,0.39,0.17,,,,,,,
DALYs (Disability-Adjusted Life Years),Rate,High body-mass index,Osteoarthritis hip,Central Asia,Age-standardized,Both sexes,1990,2021,0.27,0.39,0.21,,,,,,,
DALYs (Disability-Adjusted Life Years),Number,High body-mass index,Osteoarthritis hip,Oceania,All ages,Males,1990,2021,2.25,2.66,1.96,,,,,,,
DALYs (Disability-Adjusted Life Years),Number,High body-mass index,Osteoarthritis hip,Oceania,All ages,Females,1990,2021,2.15,2.61,1.85,,,,,,,
DALYs (Disability-Adjusted Life Years),Number,High body-mass index,Osteoarthritis hip,Oceania,All ages,Both sexes,1990,2021,2.2,2.52,1.99,,,,,,,
DALYs (Disability-Adjusted Life Years),Percent,High body-mass index,Osteoarthritis hip,Oceania,All ages,Males,1990,2021,21.11,30,14.64,,,,,,,
DALYs (Disability-Adjusted Life Years),Percent,High body-mass index,Osteoarthritis hip,Oceania,All ages,Females,1990,2021,13.41,23.45,8.03,,,,,,,
DALYs (Disability-Adjusted Life Years),Percent,High body-mass index,Osteoarthritis hip,Oceania,All ages,Both sexes,1990,2021,17.63,26.14,13.2,,,,,,,
DALYs (Disability-Adjusted Life Years),Rate,High body-mass index,Osteoarthritis hip,Oceania,All ages,Males,1990,2021,0.53,0.73,0.39,,,,,,,
DALYs (Disability-Adjusted Life Years),Rate,High body-mass index,Osteoarthritis hip,Oceania,All ages,Females,1990,2021,0.48,0.69,0.33,,,,,,,
DALYs (Disability-Adjusted Life Years),Rate,High body-mass index,Osteoarthritis hip,Oceania,All ages,Both sexes,1990,2021,0.51,0.65,0.4,,,,,,,
DALYs (Disability-Adjusted Life Years),Percent,High body-mass index,Osteoarthritis hip,Oceania,Age-standardized,Males,1990,2021,20.93,30.9,14.91,,,,,,,
DALYs (Disability-Adjusted Life Years),Percent,High body-mass index,Osteoarthritis hip,Oceania,Age-standardized,Females,1990,2021,14.42,24.98,8.88,,,,,,,
DALYs (Disability-Adjusted Life Years),Percent,High body-mass index,Osteoarthritis hip,Oceania,Age-standardized,Both sexes,1990,2021,17.89,27.06,13.11,,,,,,,
DALYs (Disability-Adjusted Life Years),Rate,High body-mass index,Osteoarthritis hip,Oceania,Age-standardized,Males,1990,2021,0.25,0.4,0.15,,,,,,,
DALYs (Disability-Adjusted Life Years),Rate,High body-mass index,Osteoarthritis hip,Oceania,Age-standardized,Females,1990,2021,0.23,0.39,0.13,,,,,,,
DALYs (Disability-Adjusted Life Years),Rate,High body-mass index,Osteoarthritis hip,Oceania,Age-standardized,Both sexes,1990,2021,0.24,0.36,0.17,,,,,,,
DALYs (Disability-Adjusted Life Years),Number,High body-mass index,Osteoarthritis hip,East Asia,All ages,Males,1990,2021,4.33,5.01,3.76,,,,,,,
DALYs (Disability-Adjusted Life Years),Number,High body-mass index,Osteoarthritis hip,East Asia,All ages,Females,1990,2021,4.58,5.35,4.02,,,,,,,
DALYs (Disability-Adjusted Life Years),Number,High body-mass index,Osteoarthritis hip,East Asia,All ages,Both sexes,1990,2021,4.45,5.17,3.88,,,,,,,
DALYs (Disability-Adjusted Life Years),Percent,High body-mass index,Osteoarthritis hip,East Asia,All ages,Males,1990,2021,72.88,90.17,56.59,,,,,,,
DALYs (Disability-Adjusted Life Years),Percent,High body-mass index,Osteoarthritis hip,East Asia,All ages,Females,1990,2021,77.02,97.03,60.56,,,,,,,
DALYs (Disability-Adjusted Life Years),Percent,High body-mass index,Osteoarthritis hip,East Asia,All ages,Both sexes,1990,2021,75.03,93.06,59.43,,,,,,,
DALYs (Disability-Adjusted Life Years),Rate,High body-mass index,Osteoarthritis hip,East Asia,All ages,Males,1990,2021,3.44,4,2.96,,,,,,,
DALYs (Disability-Adjusted Life Years),Rate,High body-mass index,Osteoarthritis hip,East Asia,All ages,Females,1990,2021,3.58,4.21,3.12,,,,,,,
DALYs (Disability-Adjusted Life Years),Rate,High body-mass index,Osteoarthritis hip,East Asia,All ages,Both sexes,1990,2021,3.51,4.1,3.03,,,,,,,
DALYs (Disability-Adjusted Life Years),Percent,High body-mass index,Osteoarthritis hip,East Asia,Age-standardized,Males,1990,2021,76.21,94.1,59.38,,,,,,,
DALYs (Disability-Adjusted Life Years),Percent,High body-mass index,Osteoarthritis hip,East Asia,Age-standardized,Females,1990,2021,78.11,97.85,61.54,,,,,,,
DALYs (Disability-Adjusted Life Years),Percent,High body-mass index,Osteoarthritis hip,East Asia,Age-standardized,Both sexes,1990,2021,77.08,95.92,60.91,,,,,,,
DALYs (Disability-Adjusted Life Years),Rate,High body-mass index,Osteoarthritis hip,East Asia,Age-standardized,Males,1990,2021,1.26,1.53,1.03,,,,,,,
DALYs (Disability-Adjusted Life Years),Rate,High body-mass index,Osteoarthritis hip,East Asia,Age-standardized,Females,1990,2021,1.25,1.51,1.02,,,,,,,
DALYs (Disability-Adjusted Life Years),Rate,High body-mass index,Osteoarthritis hip,East Asia,Age-standardized,Both sexes,1990,2021,1.26,1.51,1.03,,,,,,,
DALYs (Disability-Adjusted Life Years),Number,High body-mass index,Osteoarthritis hip,Australasia,All ages,Males,1990,2021,2.63,3.31,2.25,,,,,,,
DALYs (Disability-Adjusted Life Years),Number,High body-mass index,Osteoarthritis hip,Australasia,All ages,Females,1990,2021,2.31,3,2,,,,,,,
DALYs (Disability-Adjusted Life Years),Number,High body-mass index,Osteoarthritis hip,Australasia,All ages,Both sexes,1990,2021,2.46,3.06,2.15,,,,,,,
DALYs (Disability-Adjusted Life Years),Percent,High body-mass index,Osteoarthritis hip,Australasia,All ages,Males,1990,2021,24.2,43.1,14.68,,,,,,,
DALYs (Disability-Adjusted Life Years),Percent,High body-mass index,Osteoarthritis hip,Australasia,All ages,Females,1990,2021,21.19,43.11,11.79,,,,,,,
DALYs (Disability-Adjusted Life Years),Percent,High body-mass index,Osteoarthritis hip,Australasia,All ages,Both sexes,1990,2021,22.55,43.39,12.95,,,,,,,
DALYs (Disability-Adjusted Life Years),Rate,High body-mass index,Osteoarthritis hip,Australasia,All ages,Males,1990,2021,1.39,1.83,1.13,,,,,,,
DALYs (Disability-Adjusted Life Years),Rate,High body-mass index,Osteoarthritis hip,Australasia,All ages,Females,1990,2021,1.16,1.61,0.96,,,,,,,
DALYs (Disability-Adjusted Life Years),Rate,High body-mass index,Osteoarthritis hip,Australasia,All ages,Both sexes,1990,2021,1.26,1.66,1.06,,,,,,,
DALYs (Disability-Adjusted Life Years),Percent,High body-mass index,Osteoarthritis hip,Australasia,Age-standardized,Males,1990,2021,25.14,45.22,15.18,,,,,,,
DALYs (Disability-Adjusted Life Years),Percent,High body-mass index,Osteoarthritis hip,Australasia,Age-standardized,Females,1990,2021,21.1,43.34,11.75,,,,,,,
DALYs (Disability-Adjusted Life Years),Percent,High body-mass index,Osteoarthritis hip,Australasia,Age-standardized,Both sexes,1990,2021,22.91,44.06,13.15,,,,,,,
DALYs (Disability-Adjusted Life Years),Rate,High body-mass index,Osteoarthritis hip,Australasia,Age-standardized,Males,1990,2021,0.67,0.99,0.49,,,,,,,
DALYs (Disability-Adjusted Life Years),Rate,High body-mass index,Osteoarthritis hip,Australasia,Age-standardized,Females,1990,2021,0.57,0.92,0.43,,,,,,,
DALYs (Disability-Adjusted Life Years),Rate,High body-mass index,Osteoarthritis hip,Australasia,Age-standardized,Both sexes,1990,2021,0.61,0.91,0.47,,,,,,,
DALYs (Disability-Adjusted Life Years),Number,High body-mass index,Osteoarthritis hip,Western Europe,All ages,Males,1990,2021,1.15,1.34,1.04,,,,,,,
DALYs (Disability-Adjusted Life Years),Number,High body-mass index,Osteoarthritis hip,Western Europe,All ages,Females,1990,2021,0.93,1.1,0.84,,,,,,,
DALYs (Disability-Adjusted Life Years),Number,High body-mass index,Osteoarthritis hip,Western Europe,All ages,Both sexes,1990,2021,1.02,1.18,0.93,,,,,,,
DALYs (Disability-Adjusted Life Years),Percent,High body-mass index,Osteoarthritis hip,Western Europe,All ages,Males,1990,2021,15.51,24.49,10.72,,,,,,,
DALYs (Disability-Adjusted Life Years),Percent,High body-mass index,Osteoarthritis hip,Western Europe,All ages,Females,1990,2021,15.6,24.67,10.92,,,,,,,
DALYs (Disability-Adjusted Life Years),Percent,High body-mass index,Osteoarthritis hip,Western Europe,All ages,Both sexes,1990,2021,15.51,24.55,10.86,,,,,,,
DALYs (Disability-Adjusted Life Years),Rate,High body-mass index,Osteoarthritis hip,Western Europe,All ages,Males,1990,2021,0.87,1.04,0.77,,,,,,,
DALYs (Disability-Adjusted Life Years),Rate,High body-mass index,Osteoarthritis hip,Western Europe,All ages,Females,1990,2021,0.72,0.87,0.63,,,,,,,
DALYs (Disability-Adjusted Life Years),Rate,High body-mass index,Osteoarthritis hip,Western Europe,All ages,Both sexes,1990,2021,0.78,0.92,0.7,,,,,,,
DALYs (Disability-Adjusted Life Years),Percent,High body-mass index,Osteoarthritis hip,Western Europe,Age-standardized,Males,1990,2021,16.22,25.61,11.09,,,,,,,
DALYs (Disability-Adjusted Life Years),Percent,High body-mass index,Osteoarthritis hip,Western Europe,Age-standardized,Females,1990,2021,15.94,25.12,11.36,,,,,,,
DALYs (Disability-Adjusted Life Years),Percent,High body-mass index,Osteoarthritis hip,Western Europe,Age-standardized,Both sexes,1990,2021,15.87,25.17,11.31,,,,,,,
DALYs (Disability-Adjusted Life Years),Rate,High body-mass index,Osteoarthritis hip,Western Europe,Age-standardized,Males,1990,2021,0.34,0.45,0.27,,,,,,,
DALYs (Disability-Adjusted Life Years),Rate,High body-mass index,Osteoarthritis hip,Western Europe,Age-standardized,Females,1990,2021,0.36,0.48,0.29,,,,,,,
DALYs (Disability-Adjusted Life Years),Rate,High body-mass index,Osteoarthritis hip,Western Europe,Age-standardized,Both sexes,1990,2021,0.34,0.46,0.28,,,,,,,
DALYs (Disability-Adjusted Life Years),Number,High body-mass index,Osteoarthritis hip,North Africa and Middle East,All ages,Males,1990,2021,4.03,5.12,3.48,,,,,,,
DALYs (Disability-Adjusted Life Years),Number,High body-mass index,Osteoarthritis hip,North Africa and Middle East,All ages,Females,1990,2021,3.34,4.25,2.96,,,,,,,
DALYs (Disability-Adjusted Life Years),Number,High body-mass index,Osteoarthritis hip,North Africa and Middle East,All ages,Both sexes,1990,2021,3.68,4.53,3.24,,,,,,,
DALYs (Disability-Adjusted Life Years),Percent,High body-mass index,Osteoarthritis hip,North Africa and Middle East,All ages,Males,1990,2021,44.45,72.09,31.76,,,,,,,
DALYs (Disability-Adjusted Life Years),Percent,High body-mass index,Osteoarthritis hip,North Africa and Middle East,All ages,Females,1990,2021,22.97,46.55,12.93,,,,,,,
DALYs (Disability-Adjusted Life Years),Percent,High body-mass index,Osteoarthritis hip,North Africa and Middle East,All ages,Both sexes,1990,2021,33.53,58.45,22.68,,,,,,,
DALYs (Disability-Adjusted Life Years),Rate,High body-mass index,Osteoarthritis hip,North Africa and Middle East,All ages,Males,1990,2021,1.7,2.29,1.41,,,,,,,
DALYs (Disability-Adjusted Life Years),Rate,High body-mass index,Osteoarthritis hip,North Africa and Middle East,All ages,Females,1990,2021,1.4,1.9,1.19,,,,,,,
DALYs (Disability-Adjusted Life Years),Rate,High body-mass index,Osteoarthritis hip,North Africa and Middle East,All ages,Both sexes,1990,2021,1.55,2.01,1.31,,,,,,,
DALYs (Disability-Adjusted Life Years),Percent,High body-mass index,Osteoarthritis hip,North Africa and Middle East,Age-standardized,Males,1990,2021,45.2,72.31,32.77,,,,,,,
DALYs (Disability-Adjusted Life Years),Percent,High body-mass index,Osteoarthritis hip,North Africa and Middle East,Age-standardized,Females,1990,2021,23.62,46.53,13.74,,,,,,,
DALYs (Disability-Adjusted Life Years),Percent,High body-mass index,Osteoarthritis hip,North Africa and Middle East,Age-standardized,Both sexes,1990,2021,34.08,57.45,23,,,,,,,
DALYs (Disability-Adjusted Life Years),Rate,High body-mass index,Osteoarthritis hip,North Africa and Middle East,Age-standardized,Males,1990,2021,0.8,1.17,0.61,,,,,,,
DALYs (Disability-Adjusted Life Years),Rate,High body-mass index,Osteoarthritis hip,North Africa and Middle East,Age-standardized,Females,1990,2021,0.58,0.9,0.45,,,,,,,
DALYs (Disability-Adjusted Life Years),Rate,High body-mass index,Osteoarthritis hip,North Africa and Middle East,Age-standardized,Both sexes,1990,2021,0.69,0.98,0.53,,,,,,,
DALYs (Disability-Adjusted Life Years),Number,High body-mass index,Osteoarthritis hip,Eastern Europe,All ages,Males,1990,2021,0.85,1.15,0.66,,,,,,,
DALYs (Disability-Adjusted Life Years),Number,High body-mass index,Osteoarthritis hip,Eastern Europe,All ages,Females,1990,2021,0.65,0.88,0.53,,,,,,,
DALYs (Disability-Adjusted Life Years),Number,High body-mass index,Osteoarthritis hip,Eastern Europe,All ages,Both sexes,1990,2021,0.73,0.96,0.6,,,,,,,
DALYs (Disability-Adjusted Life Years),Percent,High body-mass index,Osteoarthritis hip,Eastern Europe,All ages,Males,1990,2021,24.96,42.91,13.2,,,,,,,
DALYs (Disability-Adjusted Life Years),Percent,High body-mass index,Osteoarthritis hip,Eastern Europe,All ages,Females,1990,2021,15.09,30.74,8.25,,,,,,,
DALYs (Disability-Adjusted Life Years),Percent,High body-mass index,Osteoarthritis hip,Eastern Europe,All ages,Both sexes,1990,2021,18.99,34.7,11.24,,,,,,,
DALYs (Disability-Adjusted Life Years),Rate,High body-mass index,Osteoarthritis hip,Eastern Europe,All ages,Males,1990,2021,1.04,1.36,0.83,,,,,,,
DALYs (Disability-Adjusted Life Years),Rate,High body-mass index,Osteoarthritis hip,Eastern Europe,All ages,Females,1990,2021,0.8,1.05,0.67,,,,,,,
DALYs (Disability-Adjusted Life Years),Rate,High body-mass index,Osteoarthritis hip,Eastern Europe,All ages,Both sexes,1990,2021,0.9,1.15,0.75,,,,,,,
DALYs (Disability-Adjusted Life Years),Percent,High body-mass index,Osteoarthritis hip,Eastern Europe,Age-standardized,Males,1990,2021,25.39,43.77,13.69,,,,,,,
DALYs (Disability-Adjusted Life Years),Percent,High body-mass index,Osteoarthritis hip,Eastern Europe,Age-standardized,Females,1990,2021,15.8,32.01,8.72,,,,,,,
DALYs (Disability-Adjusted Life Years),Percent,High body-mass index,Osteoarthritis hip,Eastern Europe,Age-standardized,Both sexes,1990,2021,19.43,35.67,11.27,,,,,,,
DALYs (Disability-Adjusted Life Years),Rate,High body-mass index,Osteoarthritis hip,Eastern Europe,Age-standardized,Males,1990,2021,0.38,0.59,0.25,,,,,,,
DALYs (Disability-Adjusted Life Years),Rate,High body-mass index,Osteoarthritis hip,Eastern Europe,Age-standardized,Females,1990,2021,0.35,0.54,0.25,,,,,,,
DALYs (Disability-Adjusted Life Years),Rate,High body-mass index,Osteoarthritis hip,Eastern Europe,Age-standardized,Both sexes,1990,2021,0.38,0.56,0.28,,,,,,,
DALYs (Disability-Adjusted Life Years),Number,High body-mass index,Osteoarthritis hip,High-income Asia Pacific,All ages,Males,1990,2021,1.65,1.93,1.42,,,,,,,
DALYs (Disability-Adjusted Life Years),Number,High body-mass index,Osteoarthritis hip,High-income Asia Pacific,All ages,Females,1990,2021,1.61,1.89,1.38,,,,,,,
DALYs (Disability-Adjusted Life Years),Number,High body-mass index,Osteoarthritis hip,High-income Asia Pacific,All ages,Both sexes,1990,2021,1.63,1.86,1.41,,,,,,,
DALYs (Disability-Adjusted Life Years),Percent,High body-mass index,Osteoarthritis hip,High-income Asia Pacific,All ages,Males,1990,2021,25.98,36.23,17.74,,,,,,,
DALYs (Disability-Adjusted Life Years),Percent,High body-mass index,Osteoarthritis hip,High-income Asia Pacific,All ages,Females,1990,2021,19.45,28.66,10.27,,,,,,,
DALYs (Disability-Adjusted Life Years),Percent,High body-mass index,Osteoarthritis hip,High-income Asia Pacific,All ages,Both sexes,1990,2021,22.56,31.22,14.86,,,,,,,
DALYs (Disability-Adjusted Life Years),Rate,High body-mass index,Osteoarthritis hip,High-income Asia Pacific,All ages,Males,1990,2021,1.49,1.75,1.28,,,,,,,
DALYs (Disability-Adjusted Life Years),Rate,High body-mass index,Osteoarthritis hip,High-income Asia Pacific,All ages,Females,1990,2021,1.43,1.69,1.22,,,,,,,
DALYs (Disability-Adjusted Life Years),Rate,High body-mass index,Osteoarthritis hip,High-income Asia Pacific,All ages,Both sexes,1990,2021,1.46,1.67,1.26,,,,,,,
DALYs (Disability-Adjusted Life Years),Percent,High body-mass index,Osteoarthritis hip,High-income Asia Pacific,Age-standardized,Males,1990,2021,32.35,43.25,23.47,,,,,,,
DALYs (Disability-Adjusted Life Years),Percent,High body-mass index,Osteoarthritis hip,High-income Asia Pacific,Age-standardized,Females,1990,2021,21.33,29.9,12.4,,,,,,,
DALYs (Disability-Adjusted Life Years),Percent,High body-mass index,Osteoarthritis hip,High-income Asia Pacific,Age-standardized,Both sexes,1990,2021,26.13,34.54,18.62,,,,,,,
DALYs (Disability-Adjusted Life Years),Rate,High body-mass index,Osteoarthritis hip,High-income Asia Pacific,Age-standardized,Males,1990,2021,0.41,0.53,0.3,,,,,,,
DALYs (Disability-Adjusted Life Years),Rate,High body-mass index,Osteoarthritis hip,High-income Asia Pacific,Age-standardized,Females,1990,2021,0.37,0.48,0.26,,,,,,,
DALYs (Disability-Adjusted Life Years),Rate,High body-mass index,Osteoarthritis hip,High-income Asia Pacific,Age-standardized,Both sexes,1990,2021,0.39,0.48,0.3,,,,,,,
DALYs (Disability-Adjusted Life Years),Number,High body-mass index,Osteoarthritis hip,Eastern Sub-Saharan Africa,All ages,Males,1990,2021,3.35,3.77,2.96,,,,,,,
DALYs (Disability-Adjusted Life Years),Number,High body-mass index,Osteoarthritis hip,Eastern Sub-Saharan Africa,All ages,Females,1990,2021,2.72,3.08,2.46,,,,,,,
DALYs (Disability-Adjusted Life Years),Number,High body-mass index,Osteoarthritis hip,Eastern Sub-Saharan Africa,All ages,Both sexes,1990,2021,3,3.3,2.75,,,,,,,
DALYs (Disability-Adjusted Life Years),Percent,High body-mass index,Osteoarthritis hip,Eastern Sub-Saharan Africa,All ages,Males,1990,2021,63.99,77.89,49.5,,,,,,,
DALYs (Disability-Adjusted Life Years),Percent,High body-mass index,Osteoarthritis hip,Eastern Sub-Saharan Africa,All ages,Females,1990,2021,39.93,51.73,31.89,,,,,,,
DALYs (Disability-Adjusted Life Years),Percent,High body-mass index,Osteoarthritis hip,Eastern Sub-Saharan Africa,All ages,Both sexes,1990,2021,50.53,61.21,42.42,,,,,,,
DALYs (Disability-Adjusted Life Years),Rate,High body-mass index,Osteoarthritis hip,Eastern Sub-Saharan Africa,All ages,Males,1990,2021,0.95,1.14,0.77,,,,,,,
DALYs (Disability-Adjusted Life Years),Rate,High body-mass index,Osteoarthritis hip,Eastern Sub-Saharan Africa,All ages,Females,1990,2021,0.66,0.83,0.55,,,,,,,
DALYs (Disability-Adjusted Life Years),Rate,High body-mass index,Osteoarthritis hip,Eastern Sub-Saharan Africa,All ages,Both sexes,1990,2021,0.79,0.92,0.68,,,,,,,
DALYs (Disability-Adjusted Life Years),Percent,High body-mass index,Osteoarthritis hip,Eastern Sub-Saharan Africa,Age-standardized,Males,1990,2021,62.4,76.59,47.46,,,,,,,
DALYs (Disability-Adjusted Life Years),Percent,High body-mass index,Osteoarthritis hip,Eastern Sub-Saharan Africa,Age-standardized,Females,1990,2021,41.01,52.88,33.19,,,,,,,
DALYs (Disability-Adjusted Life Years),Percent,High body-mass index,Osteoarthritis hip,Eastern Sub-Saharan Africa,Age-standardized,Both sexes,1990,2021,50.66,60.9,42.31,,,,,,,
DALYs (Disability-Adjusted Life Years),Rate,High body-mass index,Osteoarthritis hip,Eastern Sub-Saharan Africa,Age-standardized,Males,1990,2021,0.9,1.08,0.73,,,,,,,
DALYs (Disability-Adjusted Life Years),Rate,High body-mass index,Osteoarthritis hip,Eastern Sub-Saharan Africa,Age-standardized,Females,1990,2021,0.53,0.68,0.43,,,,,,,
DALYs (Disability-Adjusted Life Years),Rate,High body-mass index,Osteoarthritis hip,Eastern Sub-Saharan Africa,Age-standardized,Both sexes,1990,2021,0.7,0.82,0.6,,,,,,,
DALYs (Disability-Adjusted Life Years),Number,High body-mass index,Osteoarthritis hip,High-income North America,All ages,Males,1990,2021,1.63,2.01,1.39,,,,,,,
DALYs (Disability-Adjusted Life Years),Number,High body-mass index,Osteoarthritis hip,High-income North America,All ages,Females,1990,2021,1.24,1.61,1.08,,,,,,,
DALYs (Disability-Adjusted Life Years),Number,High body-mass index,Osteoarthritis hip,High-income North America,All ages,Both sexes,1990,2021,1.4,1.76,1.23,,,,,,,
DALYs (Disability-Adjusted Life Years),Percent,High body-mass index,Osteoarthritis hip,High-income North America,All ages,Males,1990,2021,19.36,35.82,9.9,,,,,,,
DALYs (Disability-Adjusted Life Years),Percent,High body-mass index,Osteoarthritis hip,High-income North America,All ages,Females,1990,2021,15.87,33.79,7.97,,,,,,,
DALYs (Disability-Adjusted Life Years),Percent,High body-mass index,Osteoarthritis hip,High-income North America,All ages,Both sexes,1990,2021,17.32,34.94,9.11,,,,,,,
DALYs (Disability-Adjusted Life Years),Rate,High body-mass index,Osteoarthritis hip,High-income North America,All ages,Males,1990,2021,0.99,1.28,0.81,,,,,,,
DALYs (Disability-Adjusted Life Years),Rate,High body-mass index,Osteoarthritis hip,High-income North America,All ages,Females,1990,2021,0.71,0.99,0.59,,,,,,,
DALYs (Disability-Adjusted Life Years),Rate,High body-mass index,Osteoarthritis hip,High-income North America,All ages,Both sexes,1990,2021,0.82,1.1,0.69,,,,,,,
DALYs (Disability-Adjusted Life Years),Percent,High body-mass index,Osteoarthritis hip,High-income North America,Age-standardized,Males,1990,2021,19.55,36,10.09,,,,,,,
DALYs (Disability-Adjusted Life Years),Percent,High body-mass index,Osteoarthritis hip,High-income North America,Age-standardized,Females,1990,2021,15.4,33.28,7.61,,,,,,,
DALYs (Disability-Adjusted Life Years),Percent,High body-mass index,Osteoarthritis hip,High-income North America,Age-standardized,Both sexes,1990,2021,16.98,33.86,8.9,,,,,,,
DALYs (Disability-Adjusted Life Years),Rate,High body-mass index,Osteoarthritis hip,High-income North America,Age-standardized,Males,1990,2021,0.37,0.57,0.25,,,,,,,
DALYs (Disability-Adjusted Life Years),Rate,High body-mass index,Osteoarthritis hip,High-income North America,Age-standardized,Females,1990,2021,0.28,0.49,0.19,,,,,,,
DALYs (Disability-Adjusted Life Years),Rate,High body-mass index,Osteoarthritis hip,High-income North America,Age-standardized,Both sexes,1990,2021,0.31,0.51,0.21,,,,,,,
DALYs (Disability-Adjusted Life Years),Number,High body-mass index,Osteoarthritis hip,Southern Sub-Saharan Africa,All ages,Males,1990,2021,2.47,2.95,2.18,,,,,,,
DALYs (Disability-Adjusted Life Years),Number,High body-mass index,Osteoarthritis hip,Southern Sub-Saharan Africa,All ages,Females,1990,2021,1.82,2.31,1.6,,,,,,,
DALYs (Disability-Adjusted Life Years),Number,High body-mass index,Osteoarthritis hip,Southern Sub-Saharan Africa,All ages,Both sexes,1990,2021,2.14,2.53,1.94,,,,,,,
DALYs (Disability-Adjusted Life Years),Percent,High body-mass index,Osteoarthritis hip,Southern Sub-Saharan Africa,All ages,Males,1990,2021,41.65,59.26,32.04,,,,,,,
DALYs (Disability-Adjusted Life Years),Percent,High body-mass index,Osteoarthritis hip,Southern Sub-Saharan Africa,All ages,Females,1990,2021,20.75,40.53,12.26,,,,,,,
DALYs (Disability-Adjusted Life Years),Percent,High body-mass index,Osteoarthritis hip,Southern Sub-Saharan Africa,All ages,Both sexes,1990,2021,30.64,45.95,23.24,,,,,,,
DALYs (Disability-Adjusted Life Years),Rate,High body-mass index,Osteoarthritis hip,Southern Sub-Saharan Africa,All ages,Males,1990,2021,1.25,1.56,1.07,,,,,,,
DALYs (Disability-Adjusted Life Years),Rate,High body-mass index,Osteoarthritis hip,Southern Sub-Saharan Africa,All ages,Females,1990,2021,0.85,1.18,0.71,,,,,,,
DALYs (Disability-Adjusted Life Years),Rate,High body-mass index,Osteoarthritis hip,Southern Sub-Saharan Africa,All ages,Both sexes,1990,2021,1.05,1.31,0.92,,,,,,,
DALYs (Disability-Adjusted Life Years),Percent,High body-mass index,Osteoarthritis hip,Southern Sub-Saharan Africa,Age-standardized,Males,1990,2021,43.41,61.17,32.54,,,,,,,
DALYs (Disability-Adjusted Life Years),Percent,High body-mass index,Osteoarthritis hip,Southern Sub-Saharan Africa,Age-standardized,Females,1990,2021,20.85,40.7,12.47,,,,,,,
DALYs (Disability-Adjusted Life Years),Percent,High body-mass index,Osteoarthritis hip,Southern Sub-Saharan Africa,Age-standardized,Both sexes,1990,2021,31.23,46.5,23.69,,,,,,,
DALYs (Disability-Adjusted Life Years),Rate,High body-mass index,Osteoarthritis hip,Southern Sub-Saharan Africa,Age-standardized,Males,1990,2021,0.66,0.91,0.52,,,,,,,
DALYs (Disability-Adjusted Life Years),Rate,High body-mass index,Osteoarthritis hip,Southern Sub-Saharan Africa,Age-standardized,Females,1990,2021,0.29,0.51,0.19,,,,,,,
DALYs (Disability-Adjusted Life Years),Rate,High body-mass index,Osteoarthritis hip,Southern Sub-Saharan Africa,Age-standardized,Both sexes,1990,2021,0.46,0.64,0.36,,,,,,,
DALYs (Disability-Adjusted Life Years),Number,High body-mass index,Osteoarthritis hip,Central Latin America,All ages,Males,1990,2021,3,3.57,2.67,,,,,,,
DALYs (Disability-Adjusted Life Years),Number,High body-mass index,Osteoarthritis hip,Central Latin America,All ages,Females,1990,2021,3.03,3.56,2.76,,,,,,,
DALYs (Disability-Adjusted Life Years),Number,High body-mass index,Osteoarthritis hip,Central Latin America,All ages,Both sexes,1990,2021,3.01,3.52,2.74,,,,,,,
DALYs (Disability-Adjusted Life Years),Percent,High body-mass index,Osteoarthritis hip,Central Latin America,All ages,Males,1990,2021,26.95,42.52,18.53,,,,,,,
DALYs (Disability-Adjusted Life Years),Percent,High body-mass index,Osteoarthritis hip,Central Latin America,All ages,Females,1990,2021,17.1,31.14,10.63,,,,,,,
DALYs (Disability-Adjusted Life Years),Percent,High body-mass index,Osteoarthritis hip,Central Latin America,All ages,Both sexes,1990,2021,22.3,36.96,15.12,,,,,,,
DALYs (Disability-Adjusted Life Years),Rate,High body-mass index,Osteoarthritis hip,Central Latin America,All ages,Males,1990,2021,1.63,2.01,1.42,,,,,,,
DALYs (Disability-Adjusted Life Years),Rate,High body-mass index,Osteoarthritis hip,Central Latin America,All ages,Females,1990,2021,1.59,1.93,1.42,,,,,,,
DALYs (Disability-Adjusted Life Years),Rate,High body-mass index,Osteoarthritis hip,Central Latin America,All ages,Both sexes,1990,2021,1.61,1.94,1.43,,,,,,,
DALYs (Disability-Adjusted Life Years),Percent,High body-mass index,Osteoarthritis hip,Central Latin America,Age-standardized,Males,1990,2021,28.46,43.88,19.84,,,,,,,
DALYs (Disability-Adjusted Life Years),Percent,High body-mass index,Osteoarthritis hip,Central Latin America,Age-standardized,Females,1990,2021,17.83,31.84,11.27,,,,,,,
DALYs (Disability-Adjusted Life Years),Percent,High body-mass index,Osteoarthritis hip,Central Latin America,Age-standardized,Both sexes,1990,2021,23.43,38.49,16.15,,,,,,,
DALYs (Disability-Adjusted Life Years),Rate,High body-mass index,Osteoarthritis hip,Central Latin America,Age-standardized,Males,1990,2021,0.44,0.63,0.35,,,,,,,
DALYs (Disability-Adjusted Life Years),Rate,High body-mass index,Osteoarthritis hip,Central Latin America,Age-standardized,Females,1990,2021,0.33,0.5,0.25,,,,,,,
DALYs (Disability-Adjusted Life Years),Rate,High body-mass index,Osteoarthritis hip,Central Latin America,Age-standardized,Both sexes,1990,2021,0.38,0.56,0.29,,,,,,,
DALYs (Disability-Adjusted Life Years),Number,High body-mass index,Osteoarthritis hip,Southern Latin America,All ages,Males,1990,2021,1.92,2.38,1.65,,,,,,,
DALYs (Disability-Adjusted Life Years),Number,High body-mass index,Osteoarthritis hip,Southern Latin America,All ages,Females,1990,2021,1.73,2.14,1.49,,,,,,,
DALYs (Disability-Adjusted Life Years),Number,High body-mass index,Osteoarthritis hip,Southern Latin America,All ages,Both sexes,1990,2021,1.81,2.21,1.59,,,,,,,
DALYs (Disability-Adjusted Life Years),Percent,High body-mass index,Osteoarthritis hip,Southern Latin America,All ages,Males,1990,2021,20.52,37.32,12.65,,,,,,,
DALYs (Disability-Adjusted Life Years),Percent,High body-mass index,Osteoarthritis hip,Southern Latin America,All ages,Females,1990,2021,15.32,30.03,8.5,,,,,,,
DALYs (Disability-Adjusted Life Years),Percent,High body-mass index,Osteoarthritis hip,Southern Latin America,All ages,Both sexes,1990,2021,17.55,31.38,10.73,,,,,,,
DALYs (Disability-Adjusted Life Years),Rate,High body-mass index,Osteoarthritis hip,Southern Latin America,All ages,Males,1990,2021,1.14,1.48,0.94,,,,,,,
DALYs (Disability-Adjusted Life Years),Rate,High body-mass index,Osteoarthritis hip,Southern Latin America,All ages,Females,1990,2021,0.99,1.3,0.82,,,,,,,
DALYs (Disability-Adjusted Life Years),Rate,High body-mass index,Osteoarthritis hip,Southern Latin America,All ages,Both sexes,1990,2021,1.06,1.35,0.9,,,,,,,
DALYs (Disability-Adjusted Life Years),Percent,High body-mass index,Osteoarthritis hip,Southern Latin America,Age-standardized,Males,1990,2021,21.26,38.2,13.2,,,,,,,
DALYs (Disability-Adjusted Life Years),Percent,High body-mass index,Osteoarthritis hip,Southern Latin America,Age-standardized,Females,1990,2021,15.93,30.83,9.03,,,,,,,
DALYs (Disability-Adjusted Life Years),Percent,High body-mass index,Osteoarthritis hip,Southern Latin America,Age-standardized,Both sexes,1990,2021,18.13,32.54,11.14,,,,,,,
DALYs (Disability-Adjusted Life Years),Rate,High body-mass index,Osteoarthritis hip,Southern Latin America,Age-standardized,Males,1990,2021,0.61,0.86,0.46,,,,,,,
DALYs (Disability-Adjusted Life Years),Rate,High body-mass index,Osteoarthritis hip,Southern Latin America,Age-standardized,Females,1990,2021,0.48,0.7,0.35,,,,,,,
DALYs (Disability-Adjusted Life Years),Rate,High body-mass index,Osteoarthritis hip,Southern Latin America,Age-standardized,Both sexes,1990,2021,0.53,0.75,0.41,,,,,,,
DALYs (Disability-Adjusted Life Years),Number,High body-mass index,Osteoarthritis hip,Caribbean,All ages,Males,1990,2021,2.03,2.4,1.8,,,,,,,
DALYs (Disability-Adjusted Life Years),Number,High body-mass index,Osteoarthritis hip,Caribbean,All ages,Females,1990,2021,1.95,2.35,1.72,,,,,,,
DALYs (Disability-Adjusted Life Years),Number,High body-mass index,Osteoarthritis hip,Caribbean,All ages,Both sexes,1990,2021,1.99,2.34,1.8,,,,,,,
DALYs (Disability-Adjusted Life Years),Percent,High body-mass index,Osteoarthritis hip,Caribbean,All ages,Males,1990,2021,34.02,48.38,26.16,,,,,,,
DALYs (Disability-Adjusted Life Years),Percent,High body-mass index,Osteoarthritis hip,Caribbean,All ages,Females,1990,2021,23.29,38.03,16.12,,,,,,,
DALYs (Disability-Adjusted Life Years),Percent,High body-mass index,Osteoarthritis hip,Caribbean,All ages,Both sexes,1990,2021,28.7,42.84,21.79,,,,,,,
DALYs (Disability-Adjusted Life Years),Rate,High body-mass index,Osteoarthritis hip,Caribbean,All ages,Males,1990,2021,1.25,1.52,1.08,,,,,,,
DALYs (Disability-Adjusted Life Years),Rate,High body-mass index,Osteoarthritis hip,Caribbean,All ages,Females,1990,2021,1.2,1.49,1.03,,,,,,,
DALYs (Disability-Adjusted Life Years),Rate,High body-mass index,Osteoarthritis hip,Caribbean,All ages,Both sexes,1990,2021,1.22,1.48,1.08,,,,,,,
DALYs (Disability-Adjusted Life Years),Percent,High body-mass index,Osteoarthritis hip,Caribbean,Age-standardized,Males,1990,2021,34.98,49.55,27.34,,,,,,,
DALYs (Disability-Adjusted Life Years),Percent,High body-mass index,Osteoarthritis hip,Caribbean,Age-standardized,Females,1990,2021,24.3,39.09,16.83,,,,,,,
DALYs (Disability-Adjusted Life Years),Percent,High body-mass index,Osteoarthritis hip,Caribbean,Age-standardized,Both sexes,1990,2021,29.63,44.03,22.56,,,,,,,
DALYs (Disability-Adjusted Life Years),Rate,High body-mass index,Osteoarthritis hip,Caribbean,Age-standardized,Males,1990,2021,0.52,0.69,0.41,,,,,,,
DALYs (Disability-Adjusted Life Years),Rate,High body-mass index,Osteoarthritis hip,Caribbean,Age-standardized,Females,1990,2021,0.4,0.59,0.29,,,,,,,
DALYs (Disability-Adjusted Life Years),Rate,High body-mass index,Osteoarthritis hip,Caribbean,Age-standardized,Both sexes,1990,2021,0.45,0.62,0.36,,,,,,,
DALYs (Disability-Adjusted Life Years),Number,High body-mass index,Osteoarthritis hip,Tropical Latin America,All ages,Males,1990,2021,3.12,3.73,2.78,,,,,,,
DALYs (Disability-Adjusted Life Years),Number,High body-mass index,Osteoarthritis hip,Tropical Latin America,All ages,Females,1990,2021,2.98,3.51,2.7,,,,,,,
DALYs (Disability-Adjusted Life Years),Number,High body-mass index,Osteoarthritis hip,Tropical Latin America,All ages,Both sexes,1990,2021,3.05,3.58,2.78,,,,,,,
DALYs (Disability-Adjusted Life Years),Percent,High body-mass index,Osteoarthritis hip,Tropical Latin America,All ages,Males,1990,2021,29.4,44.74,19.92,,,,,,,
DALYs (Disability-Adjusted Life Years),Percent,High body-mass index,Osteoarthritis hip,Tropical Latin America,All ages,Females,1990,2021,18.64,32.21,11.7,,,,,,,
DALYs (Disability-Adjusted Life Years),Percent,High body-mass index,Osteoarthritis hip,Tropical Latin America,All ages,Both sexes,1990,2021,23.98,37.67,16.28,,,,,,,
DALYs (Disability-Adjusted Life Years),Rate,High body-mass index,Osteoarthritis hip,Tropical Latin America,All ages,Males,1990,2021,1.8,2.21,1.57,,,,,,,
DALYs (Disability-Adjusted Life Years),Rate,High body-mass index,Osteoarthritis hip,Tropical Latin America,All ages,Females,1990,2021,1.64,1.99,1.45,,,,,,,
DALYs (Disability-Adjusted Life Years),Rate,High body-mass index,Osteoarthritis hip,Tropical Latin America,All ages,Both sexes,1990,2021,1.71,2.07,1.53,,,,,,,
DALYs (Disability-Adjusted Life Years),Percent,High body-mass index,Osteoarthritis hip,Tropical Latin America,Age-standardized,Males,1990,2021,32.26,48.1,22.34,,,,,,,
DALYs (Disability-Adjusted Life Years),Percent,High body-mass index,Osteoarthritis hip,Tropical Latin America,Age-standardized,Females,1990,2021,19.78,33.53,12.85,,,,,,,
DALYs (Disability-Adjusted Life Years),Percent,High body-mass index,Osteoarthritis hip,Tropical Latin America,Age-standardized,Both sexes,1990,2021,25.69,39.59,17.82,,,,,,,
DALYs (Disability-Adjusted Life Years),Rate,High body-mass index,Osteoarthritis hip,Tropical Latin America,Age-standardized,Males,1990,2021,0.59,0.8,0.47,,,,,,,
DALYs (Disability-Adjusted Life Years),Rate,High body-mass index,Osteoarthritis hip,Tropical Latin America,Age-standardized,Females,1990,2021,0.41,0.58,0.31,,,,,,,
DALYs (Disability-Adjusted Life Years),Rate,High body-mass index,Osteoarthritis hip,Tropical Latin America,Age-standardized,Both sexes,1990,2021,0.49,0.67,0.39,,,,,,,
DALYs (Disability-Adjusted Life Years),Number,High body-mass index,Osteoarthritis hip,Andean Latin America,All ages,Males,1990,2021,3.33,3.97,2.84,,,,,,,
DALYs (Disability-Adjusted Life Years),Number,High body-mass index,Osteoarthritis hip,Andean Latin America,All ages,Females,1990,2021,3.2,3.94,2.74,,,,,,,
DALYs (Disability-Adjusted Life Years),Number,High body-mass index,Osteoarthritis hip,Andean Latin America,All ages,Both sexes,1990,2021,3.26,3.8,2.89,,,,,,,
DALYs (Disability-Adjusted Life Years),Percent,High body-mass index,Osteoarthritis hip,Andean Latin America,All ages,Males,1990,2021,26.92,41.42,18.64,,,,,,,
DALYs (Disability-Adjusted Life Years),Percent,High body-mass index,Osteoarthritis hip,Andean Latin America,All ages,Females,1990,2021,24.25,39.97,15.43,,,,,,,
DALYs (Disability-Adjusted Life Years),Percent,High body-mass index,Osteoarthritis hip,Andean Latin America,All ages,Both sexes,1990,2021,25.57,38.97,17.68,,,,,,,
DALYs (Disability-Adjusted Life Years),Rate,High body-mass index,Osteoarthritis hip,Andean Latin America,All ages,Males,1990,2021,1.47,1.83,1.19,,,,,,,
DALYs (Disability-Adjusted Life Years),Rate,High body-mass index,Osteoarthritis hip,Andean Latin America,All ages,Females,1990,2021,1.43,1.86,1.17,,,,,,,
DALYs (Disability-Adjusted Life Years),Rate,High body-mass index,Osteoarthritis hip,Andean Latin America,All ages,Both sexes,1990,2021,1.45,1.76,1.23,,,,,,,
DALYs (Disability-Adjusted Life Years),Percent,High body-mass index,Osteoarthritis hip,Andean Latin America,Age-standardized,Males,1990,2021,28.2,43,19.71,,,,,,,
DALYs (Disability-Adjusted Life Years),Percent,High body-mass index,Osteoarthritis hip,Andean Latin America,Age-standardized,Females,1990,2021,25.86,41.89,16.41,,,,,,,
DALYs (Disability-Adjusted Life Years),Percent,High body-mass index,Osteoarthritis hip,Andean Latin America,Age-standardized,Both sexes,1990,2021,27.05,40.41,18.77,,,,,,,
DALYs (Disability-Adjusted Life Years),Rate,High body-mass index,Osteoarthritis hip,Andean Latin America,Age-standardized,Males,1990,2021,0.56,0.77,0.4,,,,,,,
DALYs (Disability-Adjusted Life Years),Rate,High body-mass index,Osteoarthritis hip,Andean Latin America,Age-standardized,Females,1990,2021,0.46,0.73,0.31,,,,,,,
DALYs (Disability-Adjusted Life Years),Rate,High body-mass index,Osteoarthritis hip,Andean Latin America,Age-standardized,Both sexes,1990,2021,0.51,0.7,0.39,,,,,,,
DALYs (Disability-Adjusted Life Years),Number,High body-mass index,Osteoarthritis hip,South Asia,All ages,Males,1990,2021,4.79,5.63,4.12,,,,,,,
DALYs (Disability-Adjusted Life Years),Number,High body-mass index,Osteoarthritis hip,South Asia,All ages,Females,1990,2021,4.89,5.84,4.27,,,,,,,
DALYs (Disability-Adjusted Life Years),Number,High body-mass index,Osteoarthritis hip,South Asia,All ages,Both sexes,1990,2021,4.86,5.57,4.3,,,,,,,
DALYs (Disability-Adjusted Life Years),Percent,High body-mass index,Osteoarthritis hip,South Asia,All ages,Males,1990,2021,93.05,120.23,71.47,,,,,,,
DALYs (Disability-Adjusted Life Years),Percent,High body-mass index,Osteoarthritis hip,South Asia,All ages,Females,1990,2021,76.34,104.09,58.19,,,,,,,
DALYs (Disability-Adjusted Life Years),Percent,High body-mass index,Osteoarthritis hip,South Asia,All ages,Both sexes,1990,2021,83.3,104.66,67.55,,,,,,,
DALYs (Disability-Adjusted Life Years),Rate,High body-mass index,Osteoarthritis hip,South Asia,All ages,Males,1990,2021,2.5,3,2.09,,,,,,,
DALYs (Disability-Adjusted Life Years),Rate,High body-mass index,Osteoarthritis hip,South Asia,All ages,Females,1990,2021,2.42,2.96,2.06,,,,,,,
DALYs (Disability-Adjusted Life Years),Rate,High body-mass index,Osteoarthritis hip,South Asia,All ages,Both sexes,1990,2021,2.47,2.89,2.14,,,,,,,
DALYs (Disability-Adjusted Life Years),Percent,High body-mass index,Osteoarthritis hip,South Asia,Age-standardized,Males,1990,2021,93.35,120.66,71.76,,,,,,,
DALYs (Disability-Adjusted Life Years),Percent,High body-mass index,Osteoarthritis hip,South Asia,Age-standardized,Females,1990,2021,80.17,109.15,62,,,,,,,
DALYs (Disability-Adjusted Life Years),Percent,High body-mass index,Osteoarthritis hip,South Asia,Age-standardized,Both sexes,1990,2021,86.1,107.8,69.08,,,,,,,
DALYs (Disability-Adjusted Life Years),Rate,High body-mass index,Osteoarthritis hip,South Asia,Age-standardized,Males,1990,2021,1.47,1.83,1.16,,,,,,,
DALYs (Disability-Adjusted Life Years),Rate,High body-mass index,Osteoarthritis hip,South Asia,Age-standardized,Females,1990,2021,1.28,1.65,1.03,,,,,,,
DALYs (Disability-Adjusted Life Years),Rate,High body-mass index,Osteoarthritis hip,South Asia,Age-standardized,Both sexes,1990,2021,1.39,1.69,1.15,,,,,,,
DALYs (Disability-Adjusted Life Years),Number,High body-mass index,Osteoarthritis hip,Central Sub-Saharan Africa,All ages,Males,1990,2021,3.95,4.9,3.27,,,,,,,
DALYs (Disability-Adjusted Life Years),Number,High body-mass index,Osteoarthritis hip,Central Sub-Saharan Africa,All ages,Females,1990,2021,3.27,4.1,2.74,,,,,,,
DALYs (Disability-Adjusted Life Years),Number,High body-mass index,Osteoarthritis hip,Central Sub-Saharan Africa,All ages,Both sexes,1990,2021,3.58,4.25,3.12,,,,,,,
DALYs (Disability-Adjusted Life Years),Percent,High body-mass index,Osteoarthritis hip,Central Sub-Saharan Africa,All ages,Males,1990,2021,80.58,103.94,62.48,,,,,,,
DALYs (Disability-Adjusted Life Years),Percent,High body-mass index,Osteoarthritis hip,Central Sub-Saharan Africa,All ages,Females,1990,2021,56.86,80.96,42.51,,,,,,,
DALYs (Disability-Adjusted Life Years),Percent,High body-mass index,Osteoarthritis hip,Central Sub-Saharan Africa,All ages,Both sexes,1990,2021,67.45,87.24,53.36,,,,,,,
DALYs (Disability-Adjusted Life Years),Rate,High body-mass index,Osteoarthritis hip,Central Sub-Saharan Africa,All ages,Males,1990,2021,0.97,1.35,0.7,,,,,,,
DALYs (Disability-Adjusted Life Years),Rate,High body-mass index,Osteoarthritis hip,Central Sub-Saharan Africa,All ages,Females,1990,2021,0.73,1.06,0.51,,,,,,,
DALYs (Disability-Adjusted Life Years),Rate,High body-mass index,Osteoarthritis hip,Central Sub-Saharan Africa,All ages,Both sexes,1990,2021,0.84,1.11,0.65,,,,,,,
DALYs (Disability-Adjusted Life Years),Percent,High body-mass index,Osteoarthritis hip,Central Sub-Saharan Africa,Age-standardized,Males,1990,2021,81.62,107,61.83,,,,,,,
DALYs (Disability-Adjusted Life Years),Percent,High body-mass index,Osteoarthritis hip,Central Sub-Saharan Africa,Age-standardized,Females,1990,2021,58.43,82.02,43.65,,,,,,,
DALYs (Disability-Adjusted Life Years),Percent,High body-mass index,Osteoarthritis hip,Central Sub-Saharan Africa,Age-standardized,Both sexes,1990,2021,68.98,89.5,55.38,,,,,,,
DALYs (Disability-Adjusted Life Years),Rate,High body-mass index,Osteoarthritis hip,Central Sub-Saharan Africa,Age-standardized,Males,1990,2021,0.97,1.34,0.69,,,,,,,
DALYs (Disability-Adjusted Life Years),Rate,High body-mass index,Osteoarthritis hip,Central Sub-Saharan Africa,Age-standardized,Females,1990,2021,0.68,0.97,0.49,,,,,,,
DALYs (Disability-Adjusted Life Years),Rate,High body-mass index,Osteoarthritis hip,Central Sub-Saharan Africa,Age-standardized,Both sexes,1990,2021,0.8,1.04,0.63,,,,,,,
DALYs (Disability-Adjusted Life Years),Number,High body-mass index,Osteoarthritis hip,Western Sub-Saharan Africa,All ages,Males,1990,2021,2.56,2.96,2.27,,,,,,,
DALYs (Disability-Adjusted Life Years),Number,High body-mass index,Osteoarthritis hip,Western Sub-Saharan Africa,All ages,Females,1990,2021,2.75,3.21,2.5,,,,,,,
DALYs (Disability-Adjusted Life Years),Number,High body-mass index,Osteoarthritis hip,Western Sub-Saharan Africa,All ages,Both sexes,1990,2021,2.66,3.06,2.42,,,,,,,
DALYs (Disability-Adjusted Life Years),Percent,High body-mass index,Osteoarthritis hip,Western Sub-Saharan Africa,All ages,Males,1990,2021,51.47,68.08,39.5,,,,,,,
DALYs (Disability-Adjusted Life Years),Percent,High body-mass index,Osteoarthritis hip,Western Sub-Saharan Africa,All ages,Females,1990,2021,31.9,45.79,24.55,,,,,,,
DALYs (Disability-Adjusted Life Years),Percent,High body-mass index,Osteoarthritis hip,Western Sub-Saharan Africa,All ages,Both sexes,1990,2021,42.43,56.37,33.34,,,,,,,
DALYs (Disability-Adjusted Life Years),Rate,High body-mass index,Osteoarthritis hip,Western Sub-Saharan Africa,All ages,Males,1990,2021,0.43,0.59,0.31,,,,,,,
DALYs (Disability-Adjusted Life Years),Rate,High body-mass index,Osteoarthritis hip,Western Sub-Saharan Africa,All ages,Females,1990,2021,0.45,0.63,0.36,,,,,,,
DALYs (Disability-Adjusted Life Years),Rate,High body-mass index,Osteoarthritis hip,Western Sub-Saharan Africa,All ages,Both sexes,1990,2021,0.44,0.6,0.35,,,,,,,
DALYs (Disability-Adjusted Life Years),Percent,High body-mass index,Osteoarthritis hip,Western Sub-Saharan Africa,Age-standardized,Males,1990,2021,53.44,69.65,41.97,,,,,,,
DALYs (Disability-Adjusted Life Years),Percent,High body-mass index,Osteoarthritis hip,Western Sub-Saharan Africa,Age-standardized,Females,1990,2021,31.4,44.48,23.42,,,,,,,
DALYs (Disability-Adjusted Life Years),Percent,High body-mass index,Osteoarthritis hip,Western Sub-Saharan Africa,Age-standardized,Both sexes,1990,2021,42.66,56.51,33.96,,,,,,,
DALYs (Disability-Adjusted Life Years),Rate,High body-mass index,Osteoarthritis hip,Western Sub-Saharan Africa,Age-standardized,Males,1990,2021,0.67,0.85,0.53,,,,,,,
DALYs (Disability-Adjusted Life Years),Rate,High body-mass index,Osteoarthritis hip,Western Sub-Saharan Africa,Age-standardized,Females,1990,2021,0.47,0.64,0.38,,,,,,,
DALYs (Disability-Adjusted Life Years),Rate,High body-mass index,Osteoarthritis hip,Western Sub-Saharan Africa,Age-standardized,Both sexes,1990,2021,0.56,0.73,0.47,,,,,,,
