measure_id,measure_name,location_id,location_name,sex_id,sex_name,age_id,age_name,cause_id,cause_name,rei_id,rei_name,metric_id,metric_name,year_start,year_end,val,upper,lower
2,DALYs (Disability-Adjusted Life Years),137,North Africa and Middle East,3,Both,22,All ages,1014,Osteoarthritis hip,108,High body-mass index,1,Number,1990,2021,3.6764532508506753,4.525148629249546,3.2419457593841186
2,DALYs (Disability-Adjusted Life Years),137,North Africa and Middle East,3,Both,22,All ages,1014,Osteoarthritis hip,108,High body-mass index,2,Percent,1990,2021,0.3353421837405942,0.5845294880896321,0.2267657202442338
2,DALYs (Disability-Adjusted Life Years),137,North Africa and Middle East,3,Both,22,All ages,1014,Osteoarthritis hip,108,High body-mass index,3,Rate,1990,2021,1.5460908997537444,2.0081623594035056,1.3095236744325942
2,DALYs (Disability-Adjusted Life Years),137,North Africa and Middle East,3,Both,27,Age-standardized,1014,Osteoarthritis hip,108,High body-mass index,2,Percent,1990,2021,0.3407987565380024,0.5745270339139402,0.2300251485925496
2,DALYs (Disability-Adjusted Life Years),137,North Africa and Middle East,3,Both,27,Age-standardized,1014,Osteoarthritis hip,108,High body-mass index,3,Rate,1990,2021,0.6858319455350632,0.9795866589064156,0.5324180460976996
2,DALYs (Disability-Adjusted Life Years),31,"Central Europe, Eastern Europe, and Central Asia",3,Both,22,All ages,1014,Osteoarthritis hip,108,High body-mass index,1,Number,1990,2021,0.8232543980999226,1.029763116999265,0.7061860783481859
2,DALYs (Disability-Adjusted Life Years),31,"Central Europe, Eastern Europe, and Central Asia",3,Both,22,All ages,1014,Osteoarthritis hip,108,High body-mass index,2,Percent,1990,2021,0.1607584290953209,0.2873487090213228,0.1000307773610204
2,DALYs (Disability-Adjusted Life Years),31,"Central Europe, Eastern Europe, and Central Asia",3,Both,22,All ages,1014,Osteoarthritis hip,108,High body-mass index,3,Rate,1990,2021,0.8366200821843474,1.0446426492336591,0.7186935727144192
2,DALYs (Disability-Adjusted Life Years),31,"Central Europe, Eastern Europe, and Central Asia",3,Both,27,Age-standardized,1014,Osteoarthritis hip,108,High body-mass index,2,Percent,1990,2021,0.1649382921089414,0.296586898934681,0.1032803503088331
2,DALYs (Disability-Adjusted Life Years),31,"Central Europe, Eastern Europe, and Central Asia",3,Both,27,Age-standardized,1014,Osteoarthritis hip,108,High body-mass index,3,Rate,1990,2021,0.3313959990639946,0.4860776860299761,0.2513570726896629
2,DALYs (Disability-Adjusted Life Years),64,High-income,3,Both,22,All ages,1014,Osteoarthritis hip,108,High body-mass index,1,Number,1990,2021,1.2716136804542455,1.5255077056559303,1.1550834509797796
2,DALYs (Disability-Adjusted Life Years),64,High-income,3,Both,22,All ages,1014,Osteoarthritis hip,108,High body-mass index,2,Percent,1990,2021,0.1698305029269285,0.2895258499969417,0.1098288042747247
2,DALYs (Disability-Adjusted Life Years),64,High-income,3,Both,22,All ages,1014,Osteoarthritis hip,108,High body-mass index,3,Rate,1990,2021,0.8915447051390178,1.1029591296817731,0.7945114197491452
2,DALYs (Disability-Adjusted Life Years),64,High-income,3,Both,27,Age-standardized,1014,Osteoarthritis hip,108,High body-mass index,2,Percent,1990,2021,0.178020610599513,0.3058498426152364,0.1154338383052078
2,DALYs (Disability-Adjusted Life Years),64,High-income,3,Both,27,Age-standardized,1014,Osteoarthritis hip,108,High body-mass index,3,Rate,1990,2021,0.3448330763628524,0.4988549036469015,0.269271642803178
2,DALYs (Disability-Adjusted Life Years),4,"Southeast Asia, East Asia, and Oceania",3,Both,22,All ages,1014,Osteoarthritis hip,108,High body-mass index,1,Number,1990,2021,4.305446245078212,4.905180227048183,3.812261199204866
2,DALYs (Disability-Adjusted Life Years),4,"Southeast Asia, East Asia, and Oceania",3,Both,22,All ages,1014,Osteoarthritis hip,108,High body-mass index,2,Percent,1990,2021,0.7279601290032961,0.8843224325420491,0.5903269913354934
2,DALYs (Disability-Adjusted Life Years),4,"Southeast Asia, East Asia, and Oceania",3,Both,22,All ages,1014,Osteoarthritis hip,108,High body-mass index,3,Rate,1990,2021,3.102290493561083,3.566018311967177,2.720948711589469
2,DALYs (Disability-Adjusted Life Years),4,"Southeast Asia, East Asia, and Oceania",3,Both,27,Age-standardized,1014,Osteoarthritis hip,108,High body-mass index,2,Percent,1990,2021,0.7598678151339561,0.9236756182573806,0.6156384492989385
2,DALYs (Disability-Adjusted Life Years),4,"Southeast Asia, East Asia, and Oceania",3,Both,27,Age-standardized,1014,Osteoarthritis hip,108,High body-mass index,3,Rate,1990,2021,1.180900645695698,1.409921831435593,0.99204267838872
2,DALYs (Disability-Adjusted Life Years),158,South Asia,3,Both,22,All ages,1014,Osteoarthritis hip,108,High body-mass index,1,Number,1990,2021,4.855131514362892,5.567916460427547,4.300167345570809
2,DALYs (Disability-Adjusted Life Years),158,South Asia,3,Both,22,All ages,1014,Osteoarthritis hip,108,High body-mass index,2,Percent,1990,2021,0.8330314688872317,1.0465751637394756,0.67545198519781
2,DALYs (Disability-Adjusted Life Years),158,South Asia,3,Both,22,All ages,1014,Osteoarthritis hip,108,High body-mass index,3,Rate,1990,2021,2.467007917139556,2.889070349923861,2.1383961409205066
2,DALYs (Disability-Adjusted Life Years),158,South Asia,3,Both,27,Age-standardized,1014,Osteoarthritis hip,108,High body-mass index,2,Percent,1990,2021,0.8610076661741444,1.0779774401554063,0.690792770060308
2,DALYs (Disability-Adjusted Life Years),158,South Asia,3,Both,27,Age-standardized,1014,Osteoarthritis hip,108,High body-mass index,3,Rate,1990,2021,1.388879737017082,1.6916343100883355,1.1493223139671185
2,DALYs (Disability-Adjusted Life Years),166,Sub-Saharan Africa,3,Both,22,All ages,1014,Osteoarthritis hip,108,High body-mass index,1,Number,1990,2021,2.6870549459095305,2.985578204224523,2.5015103311468674
2,DALYs (Disability-Adjusted Life Years),166,Sub-Saharan Africa,3,Both,22,All ages,1014,Osteoarthritis hip,108,High body-mass index,2,Percent,1990,2021,0.425748827955953,0.5336360897787273,0.356288325300066
2,DALYs (Disability-Adjusted Life Years),166,Sub-Saharan Africa,3,Both,22,All ages,1014,Osteoarthritis hip,108,High body-mass index,3,Rate,1990,2021,0.598795553789557,0.728242406385633,0.5183389537485829
2,DALYs (Disability-Adjusted Life Years),166,Sub-Saharan Africa,3,Both,27,Age-standardized,1014,Osteoarthritis hip,108,High body-mass index,2,Percent,1990,2021,0.4239793794959306,0.5349370343101024,0.3552622587762818
2,DALYs (Disability-Adjusted Life Years),166,Sub-Saharan Africa,3,Both,27,Age-standardized,1014,Osteoarthritis hip,108,High body-mass index,3,Rate,1990,2021,0.568227669965356,0.6874402037384547,0.4926008608616199
2,DALYs (Disability-Adjusted Life Years),103,Latin America and Caribbean,3,Both,22,All ages,1014,Osteoarthritis hip,108,High body-mass index,1,Number,1990,2021,2.9442199168007663,3.38713487128176,2.70006940600713
2,DALYs (Disability-Adjusted Life Years),103,Latin America and Caribbean,3,Both,22,All ages,1014,Osteoarthritis hip,108,High body-mass index,2,Percent,1990,2021,0.2428335243382725,0.3720955848474496,0.1705014879177058
2,DALYs (Disability-Adjusted Life Years),103,Latin America and Caribbean,3,Both,22,All ages,1014,Osteoarthritis hip,108,High body-mass index,3,Rate,1990,2021,1.5907513759122207,1.88167899960935,1.43038169949688
2,DALYs (Disability-Adjusted Life Years),103,Latin America and Caribbean,3,Both,27,Age-standardized,1014,Osteoarthritis hip,108,High body-mass index,2,Percent,1990,2021,0.2574903315338102,0.3881950244264276,0.1842520739921838
2,DALYs (Disability-Adjusted Life Years),103,Latin America and Caribbean,3,Both,27,Age-standardized,1014,Osteoarthritis hip,108,High body-mass index,3,Rate,1990,2021,0.4478349520460774,0.6005361699239704,0.368178637706298
